Designação;Tipo Ral;Anorm.;Num.Recup.;Abertura;Duração;Item;CF Exec.;Ass.;Técn.;Resp.;Anatel;Prejuízo
SLS US STY FB OTS;FOTÔNICA;MT-26;RAL-20385/2026;12/01/2026 - 11:15;207d.23h29m;4;RC/SLS /CE /NET/SG;1;;E;-;C
RJO EN SERPBR OTS;FOTÔNICA;MT-26;RAL-484940/2026;10/08/2026 - 16:54;10d.00h04m;18;RT/RJO /BX1/NET/FO;17;;E;-;C
PTS BR RJO EN OTS;FOTÔNICA;MT-26;RAL-575946/2026;17/09/2026 - 12:52;4d.16h27m;15;RT/RJO /BX1/NET/FO;11;;E;-;C
PTS BR TRL 0E8 OTS;FOTÔNICA;MT-26;RAL-575950/2026;17/09/2026 - 12:54;10d.21h16m;11;RT/RJO /SEF/NET/FO;-;;E;-;C
RUP CABO OPTICO RJOAM-RJO;FOTÔNICA;CB-02;RAL-601636/2026;28/09/2026 - 08:16;0d.02h58m;3;RT/RJO /CZS/NET/FO;1;;E;-;C
RUP CABO OPTICO ILHIO-ITB;FOTÔNICA;CB-02;RAL-601927/2026;28/09/2026 - 09:43;0d.01h16m;3;RT/ITB /BR /SUL/FO;1;;E;-;C
BVS BR CPN CZ OTS;BACKBONE;MT-27;RAL-605016/2025;01/10/2025 - 16:17;361d.19h07m;4;RC/BLM /NO /NET/SG;3;;E;-;C
RUP CABO 12 CVZLB-MNSEM;BACKBONE;CB-02;RAL-509489/2026;20/08/2026 - 15:24;38d.20h17m;4;RT/CVZ /LB /NET/FO;-;;E;-;C
CBU RD MCE CV B40W;BACKBONE;MT-27;RAL-581802/2026;20/09/2026 - 08:00;1d.05h48m;35;RT/RJO /NOF/NET/FO;12;;E;-;C
MESQV2E RJO AM OTS;BACKBONE;MT-26;RAL-598971/2026;26/09/2026 - 08:38;0d.02h20m;19;RT/RJO /NO3/PCS/FO;3;;E;-;C
DM4370_CEM1BL-01/SEM_RESP;BACKBONE;CD-09;RAL-599684/2026;26/09/2026 - 18:09;0d.02h18m;4;RT/BHE /ES /FFA/FO;-;;E;-;C
CEM EP SLA KB OTS;BACKBONE;MT-27;RAL-599745/2026;26/09/2026 - 19:20;0d.10h34m;9;RT/BHE /ES /FFA/FO;2;;E;-;C
RUP NODE B/GO JTI10/GO JT;BACKBONE;CL-01;RAL-601175/2026;28/09/2026 - 02:01;0d.09h44m;3;RT/GNA /CO /NET/FO;-;;E;-;C
FSA GV SDR IT B40W;BACKBONE;MT-26;RAL-601380/2026;28/09/2026 - 04:07;0d.06h41m;4;RT/SDR /BA /JL /FO;-;;E;-;C
IP RAN/MT CCS91/MT NRN91;BACKBONE;CD-99;RAL-601532/2026;28/09/2026 - 06:52;0d.04h35m;3;RT/CBA /CO /NET/FO;-;;E;-;C
BERO14 RJO EMU OPS;BACKBONE;MT-26;RAL-601587/2026;28/09/2026 - 07:45;0d.01h06m;5;RT/RJO /NO2/NET/FO;-;;E;-;C
RAMO: C320-RJOPSD-001 - 1;BACKBONE;MT-26;RAL-601711/2026;28/09/2026 - 08:45;0d.02h30m;4;RT/RJO /CZS/NET/FO;-;;E;-;C
FLA GROME FLA PV ME 10G 0;BACKBONE;MT-26;RAL-602084/2026;28/09/2026 - 10:16;0d.01h18m;3;RT/FLA /CE /NET/FO;-;;E;-;C
RUP CABO OPTICO IEEI01-JD;BACKBONE;CB-02;RAL-602194/2026;28/09/2026 - 10:04;0d.00h57m;3;RT/FSA / /NOR/FO;-;;E;-;C
MNS COMME MNS EM ME 1G 00;BACKBONE;MT-26;RAL-602224/2026;28/09/2026 - 10:57;0d.00h35m;3;RT/MNS /NO /NET/FO;-;;E;-;C
MNS EM MNS 3C4 OMS;COLETOR;MT-01;RAL-585598/2026;21/09/2026 - 17:11;6d.18h26m;3;RT/MNS /NO /NET/FO;-;;E;-;C
VTA NSNLINVTA 3GOLINB1S;COLETOR;MT-01;RAL-594129/2026;24/09/2026 - 12:58;3d.22h36m;3;RT/VTA /MTN/FFA/FO;-;;E;-;C
SMI V3JLINSMI 0E9LINB1S;COLETOR;MT-99;RAL-598733/2026;26/09/2026 - 02:28;2d.08h51m;4;RT/RJO /BX1/NET/FO;2;;E;-;C
ISOLADO AMMNS48;COLETOR;CB-99;RAL-600758/2026;27/09/2026 - 17:51;0d.17h49m;2;RT/MNS /NO /NET/FO;-;;E;-;C
MESQV2E MESQV2E ETH;COLETOR;MT-01;RAL-601531/2026;28/09/2026 - 06:51;0d.01h35m;7;RT/RJO /NO2/NET/FO;1;;E;-;C
CRUMRSABOLT01 XGEI-1/10/1;COLETOR;CD-99;RAL-601603/2026;28/09/2026 - 07:57;0d.03h43m;2;RT/RCE /NE /NET/FO;-;;E;-;C
NODE B/MG FTA61/MG FTA22;COLETOR;CL-01;RAL-601649/2026;28/09/2026 - 08:22;0d.03h14m;2;RT/BHE /ES /FFA/FO;-;;E;-;C
NODE B/MG FTA22/MG CNO03;COLETOR;CL-01;RAL-601653/2026;28/09/2026 - 08:23;0d.03h13m;2;RT/BHE /ES /FFA/FO;-;;E;-;C
NODE B/RJ LAG46;COLETOR;FO-01;RAL-601988/2026;28/09/2026 - 09:56;0d.01h39m;2;RT/RJO /CZS/NET/FO;-;;E;-;C
SETOR REMOTO PAAIU12_001;COLETOR;CB-99;RAL-602008/2026;28/09/2026 - 09:59;0d.01h41m;2;RT/BLM /NO /ETG/FO;-;;E;-;C
RJO EMULINRJO VT8LINB1S;COLETOR;MD-11;RAL-602045/2026;28/09/2026 - 10:06;0d.01h29m;3;RT/RJO /NO2/NET/FO;1;;E;-;C
SITE DFSQNB9 ISOLADO;COLETOR;CL-01;RAL-602384/2026;28/09/2026 - 11:37;0d.00h10m;1;DP/BSA /CO /NET/FO;-;;E;-;C
ESCIT07-RMA01;PPC;MT-99;RAL-601982/2026;28/09/2026 - 09:55;0d.01h37m;3;RT/VTA /SUL/FFA/FO;1;;E;-;C
RJO AMLINERJO Z5VLINB16S;ACESSO CLIENTE;MT-26;RAL-248007/2026;26/04/2026 - 13:39;150d.14h12m;7;DP/RJO /AM /NET/FO;-;TRICKSC;E;-;C
BEROBELINEBEROV2TLINB1S;ACESSO CLIENTE;FO-99;RAL-272088/2026;07/05/2026 - 04:40;144d.06h25m;4;DP/RJO /AM /NET/FO;2;TRICKSC;E;-;C
RJO GZ2LINRJO 4U7LINB1S;ACESSO CLIENTE;MT-26;RAL-296248/2026;17/05/2026 - 09:54;134d.01h13m;4;DP/RJO /AM /NET/FO;-;TRICKSC;E;-;C
DM4270_DQXC91-02 TE 1 1 1;ACESSO CLIENTE;MT-26;RAL-486814/2026;11/08/2026 - 11:54;34d.22h35m;6;DP/RJO /AM /NET/FO;-;TRICKSC;E;-;C
DM4270_BETJGN-01 TE 1 1 2;ACESSO CLIENTE;MT-26;RAL-493932/2026;14/08/2026 - 01:18;45d.09h51m;3;RT/BHE /ES /FFA/FO;3;;E;-;C
RJO JFBLINRJO RX0LINB1S;ACESSO CLIENTE;MT-26;RAL-498162/2026;16/08/2026 - 10:03;41d.18h47m;5;DP/RJO /AM /NET/FO;6;TRICKSC;E;-;C
DQX UWFLINDQX 0JOLINB1S;ACESSO CLIENTE;MT-03;RAL-543655/2026;03/09/2026 - 13:18;19d.19h31m;8;DP/RJO /AM /NET/FO;-;TRICKSC;E;-;C
RJO AMLINERJO GPELINB16S;ACESSO CLIENTE;MT-26;RAL-553034/2026;08/09/2026 - 13:37;11d.19h00m;14;RT/RJO /NO2/NET/FO;-;;E;-;C
MNS UCILINMNS 3TPLINB1S;ACESSO CLIENTE;MT-26;RAL-554424/2026;09/09/2026 - 01:18;19d.10h21m;2;RT/MNS /NO /NET/FO;-;;E;-;C
RJO TPLINERJO 0TILINB16S;ACESSO CLIENTE;MT-26;RAL-559845/2026;10/09/2026 - 18:11;17d.15h27m;6;DP/RJO /AM /NET/FO;-;TRICKSC;E;-;C
RJO L5CLINSMI 0GLLINB1S;ACESSO CLIENTE;FO-01;RAL-565506/2026;13/09/2026 - 12:38;14d.23h07m;2;RT/RJO /BX1/NET/FO;-;;E;-;C
MNS EM MNS 19A B4S;ACESSO CLIENTE;MT-26;RAL-576635/2026;17/09/2026 - 16:39;10d.19h02m;2;RT/MNS /NO /NET/FO;-;;E;-;C
BHE ESLINESBA STLINEB1S;ACESSO CLIENTE;MT-26;RAL-580642/2026;19/09/2026 - 09:42;9d.01h48m;3;RT/BHE /ES /FFA/FO;-;;E;-;C
MNS SOLLINMNS 3ZOLINVC4S;ACESSO CLIENTE;MT-26;RAL-580981/2026;19/09/2026 - 14:32;8d.21h09m;2;RT/MNS /NO /NET/FO;1;;E;-;C
BVA AB BVA 0GA B0480;ACESSO CLIENTE;MT-26;RAL-581247/2026;19/09/2026 - 18:45;8d.16h58m;2;RT/BVA /NO /NET/FO;-;;E;-;C
BVA PW BVA 0N0 B0480;ACESSO CLIENTE;MT-26;RAL-590590/2026;23/09/2026 - 11:49;4d.23h56m;2;RT/BVA /NO /NET/FO;-;;E;-;C
MNS 18PLINMNS 3HZLINVC4S;ACESSO CLIENTE;MT-26;RAL-592620/2026;24/09/2026 - 01:03;4d.10h33m;2;RT/MNS /NO /NET/FO;-;;E;-;C
AIU UPMLINMTUB0DZLINVC4S;ACESSO CLIENTE;MT-26;RAL-594077/2026;24/09/2026 - 12:39;3d.23h04m;2;RT/BLM /NO /ETG/FO;-;;E;-;C
MNS EMLINEMNS UD0LINVC4S;ACESSO CLIENTE;MT-26;RAL-595239/2026;24/09/2026 - 18:32;3d.17h07m;2;RT/MNS /NO /NET/FO;-;;E;-;C
MNS 2QLLINMNS 3EJLINVC4S;ACESSO CLIENTE;FO-99;RAL-595501/2026;24/09/2026 - 22:02;3d.13h39m;3;RT/MNS /NO /NET/FO;-;;E;-;C
VVA HF LINVVA TN LINB1S;ACESSO CLIENTE;MT-26;RAL-595507/2026;24/09/2026 - 22:08;2d.00h05m;5;RT/VTA /MTN/FFA/FO;-;;E;-;C
MNS EM MNS UJQ B4S;ACESSO CLIENTE;MT-26;RAL-595634/2026;25/09/2026 - 01:11;3d.10h35m;2;RT/MNS /NO /NET/FO;-;;E;-;C
PMJ SOLINEPMJ T3YLINVC4S;ACESSO CLIENTE;MT-26;RAL-596093/2026;25/09/2026 - 07:29;3d.04h14m;2;RT/PMJ /CO /NET/FO;-;;E;-;C
MCE NGLINEMCE 0SULINB1S;ACESSO CLIENTE;MT-27;RAL-596399/2026;25/09/2026 - 09:27;3d.01h48m;3;RT/RJO /NOF/NET/FO;-;;E;-;C
GNA PLOLINGNA RDLINEB16S;ACESSO CLIENTE;MT-26;RAL-596413/2026;25/09/2026 - 09:31;2d.23h16m;5;RT/GNA /CO /NET/FO;2;;E;-;C
DMSTM-1_SEAST-01;ACESSO CLIENTE;SV-02;RAL-598217/2026;25/09/2026 - 18:02;2d.11h34m;8;RT/VTA /MTN/FFA/FO;-;;E;-;C
HUT SULINEHUT 0E0LINB4S;ACESSO CLIENTE;MT-26;RAL-598434/2026;25/09/2026 - 20:45;0d.02h58m;9;RT/MNS /NO /NET/FO;1;;E;-;C
CBA MC CBA UUT B1S;ACESSO CLIENTE;MT-26;RAL-598678/2026;26/09/2026 - 01:21;2d.09h59m;3;RT/CBA /CO /NET/FO;-;;E;-;C
SCQ VELINESCQ 01LINEVC4S;ACESSO CLIENTE;MT-26;RAL-599090/2026;26/09/2026 - 10:13;2d.00h45m;8;RT/GNA /CO /NET/FO;-;;E;-;C
GNA RDLINEGNA UNILINB1S;ACESSO CLIENTE;MT-26;RAL-599657/2026;26/09/2026 - 17:42;1d.17h46m;3;RT/GNA /CO /NET/FO;-;;E;-;C
GNA MALLINGNA 0GNLINB1S;ACESSO CLIENTE;MT-26;RAL-599681/2026;26/09/2026 - 18:02;1d.17h15m;3;RT/GNA /CO /NET/FO;-;;E;-;C
RJO DL9LINRJO STLINEB4S;ACESSO CLIENTE;MT-27;RAL-599697/2026;26/09/2026 - 18:16;0d.23h11m;9;RT/RJO /OE1/NET/FO;-;;E;-;C
BVA AB BVA SRJ B0480;ACESSO CLIENTE;MT-26;RAL-599783/2026;26/09/2026 - 20:14;1d.15h30m;2;RT/BVA /NO /NET/FO;-;;E;-;C
BLM QBLINEBLM UTDLINB1S;ACESSO CLIENTE;MT-26;RAL-599996/2026;27/09/2026 - 01:36;0d.01h24m;6;RT/BLM /NO /ETG/FO;-;;E;-;C
BHE ESANELGVS JKANEL64S;ACESSO CLIENTE;MT-26;RAL-600031/2026;27/09/2026 - 04:38;1d.06h08m;4;RT/GVS /JK /FFA/FO;-;;E;-;C
BLM QBLINEBLM 2JPLINB1S;ACESSO CLIENTE;MT-26;RAL-600037/2026;27/09/2026 - 04:45;0d.00h46m;4;RT/BLM /NO /ETG/FO;-;;E;-;C
VTA NSNLINVTA 132LINB1S;ACESSO CLIENTE;MT-26;RAL-600155/2026;27/09/2026 - 08:01;0d.04h28m;8;RT/VTA /MTN/FFA/FO;-;;E;-;C
PMJ T3YLINPMJ 0R9LINB1S;ACESSO CLIENTE;MT-26;RAL-600158/2026;27/09/2026 - 08:09;1d.03h37m;3;RT/PMJ /CO /NET/FO;-;;E;-;C
SLH MTVLINSLH 0E2LINB1S;ACESSO CLIENTE;MT-26;RAL-600189/2026;27/09/2026 - 08:41;1d.03h01m;2;RT/VTA /NOR/FFA/FO;-;;E;-;C
FLA PVLINEFLA YQLINEB4S;ACESSO CLIENTE;MT-26;RAL-600450/2026;27/09/2026 - 13:10;0d.02h49m;5;RT/FLA /CE /NET/FO;-;;E;-;C
SEA SMSLINSEA 0GHLINB1S;ACESSO CLIENTE;MT-26;RAL-600456/2026;27/09/2026 - 13:13;0d.22h20m;2;RT/VTA /MTN/FFA/FO;-;;E;-;C
SEA NU LINSEA TYLINEVC4S;ACESSO CLIENTE;MT-26;RAL-600798/2026;27/09/2026 - 18:28;0d.17h12m;2;RT/VTA /MTN/FFA/FO;-;;E;-;C
BLM AUG BLM NMA B1S;ACESSO CLIENTE;MT-26;RAL-600949/2026;27/09/2026 - 21:31;0d.14h13m;3;RT/BLM /NO /ETG/FO;-;;E;-;C
CPE CMLINECPE 1AVLINVC4S;ACESSO CLIENTE;MT-26;RAL-601035/2026;27/09/2026 - 23:32;0d.12h00m;3;RT/CPE /CO /NET/FO;-;;E;-;C
MBA SERLINMBA 0K1LINVC4S;ACESSO CLIENTE;MT-26;RAL-601070/2026;28/09/2026 - 00:14;0d.11h16m;4;RT/MBA /QE /ETG/FO;-;;E;-;C
LNS 0E5LINLNS 0HYLINB1S;ACESSO CLIENTE;MT-26;RAL-601090/2026;28/09/2026 - 00:31;0d.10h04m;5;RT/VTA /NOR/FFA/FO;1;;E;-;C
BVA ABLINEBVA 0SSLINB1S;ACESSO CLIENTE;MT-26;RAL-601107/2026;28/09/2026 - 00:39;0d.11h01m;2;RT/BVA /NO /NET/FO;-;;E;-;C
LNS 0HDLINLNS 0JALINB1S;ACESSO CLIENTE;MT-26;RAL-601177/2026;28/09/2026 - 02:04;0d.09h36m;2;RT/VTA /NOR/FFA/FO;1;;E;-;C
TRS BRLINETRS TR4LINB4S;ACESSO CLIENTE;FO-99;RAL-601352/2026;28/09/2026 - 03:46;0d.07h26m;3;RT/RJO /SEF/NET/FO;-;;E;-;C
TRS BRLINETRS V37LINB1S;ACESSO CLIENTE;FO-99;RAL-601358/2026;28/09/2026 - 03:49;0d.07h16m;4;RT/RJO /SEF/NET/FO;-;;E;-;C
RVD FLLINERVD V4VLINB1S;ACESSO CLIENTE;MT-03;RAL-601504/2026;28/09/2026 - 06:26;0d.05h02m;3;RT/GNA /CO /NET/FO;-;;E;-;C
BSA 8WO TAGASHS OTS;ACESSO CLIENTE;FO-01;RAL-601540/2026;28/09/2026 - 07:03;0d.04h38m;3;RC/BSA /CO /NET/FO;-;;E;-;C
RJO CRMLINRJO EMULINB4S;ACESSO CLIENTE;MT-26;RAL-601542/2026;28/09/2026 - 07:07;0d.04h17m;3;RT/RJO /NO2/NET/FO;-;;E;-;C
BERO14 DM RJO EN DM 1G;ACESSO CLIENTE;MT-26;RAL-601543/2026;28/09/2026 - 07:08;0d.01h06m;6;RT/RJO /NO2/NET/FO;3;;E;-;C
RJO C00LINRJO EMULINVC4S;ACESSO CLIENTE;MT-26;RAL-601549/2026;28/09/2026 - 07:12;0d.04h15m;3;RT/RJO /NO2/NET/FO;-;;E;-;C
RJO 39DLINSMI 0HLLINB1S;ACESSO CLIENTE;FO-01;RAL-601684/2026;28/09/2026 - 08:35;0d.02h59m;4;RT/RJO /NO2/NET/FO;-;;E;-;C
CIM AEOLINCIM 0L9LINB4S;ACESSO CLIENTE;MT-26;RAL-601793/2026;28/09/2026 - 09:14;0d.02h31m;2;RT/VTA /SUL/FFA/FO;-;;E;-;C
GIN 0DYLINGNA MALLINVC4S;ACESSO CLIENTE;MT-26;RAL-601840/2026;28/09/2026 - 09:27;0d.02h06m;3;RT/GNA /CO /NET/FO;-;;E;-;C
ILH APLINEILH IOLINEB4S;ACESSO CLIENTE;MT-26;RAL-601966/2026;28/09/2026 - 09:52;0d.01h39m;3;RT/ITB /BR /SUL/FO;2;;E;-;C
PKO AGALINSMT JNLINEB16S;ACESSO CLIENTE;MT-26;RAL-601970/2026;28/09/2026 - 09:53;0d.01h41m;2;RT/VTA /NOR/FFA/FO;-;;E;-;C
AXA OMLINEAXA V42LINB0480;ACESSO CLIENTE;MT-26;RAL-602068/2026;28/09/2026 - 10:11;0d.01h22m;3;RT/ULA /MA /FFA/FO;-;;E;-;C
IOH EBTLINRVL EBTLINB16S;ACESSO CLIENTE;MT-26;RAL-602079/2026;28/09/2026 - 10:15;0d.01h25m;2;RT/VTA /SUL/FFA/FO;-;;E;-;C
RJO 2AD RJO 2LQ B1S;ACESSO CLIENTE;MT-26;RAL-602202/2026;28/09/2026 - 10:47;0d.00h50m;3;RT/RJO /NO1/NET/FO;-;;E;-;C
SEA CPALINSEA STLINEVC4S;ACESSO CLIENTE;MT-26;RAL-602214/2026;28/09/2026 - 10:52;0d.00h51m;2;RT/VTA /MTN/FFA/FO;-;;E;-;C
MPA GGLINEMPA 0SRLINB1S;ACESSO CLIENTE;MT-26;RAL-602231/2026;28/09/2026 - 10:58;0d.00h45m;2;RT/MPA /NO /NET/FO;1;;E;-;C
MNS EM DM MNS SEWDM B100G;ACESSO CLIENTE;MT-26;RAL-602237/2026;28/09/2026 - 11:00;0d.00h06m;3;RT/MNS /NO /NET/FO;-;;E;-;C
MNS COMLINMNS MSOLINVC4S;ACESSO CLIENTE;MT-26;RAL-602305/2026;28/09/2026 - 11:16;0d.00h18m;2;RT/MNS /NO /NET/FO;-;;E;-;C
BLM 31A BLM SZ 10G 002F;ACESSO CLIENTE;MT-26;RAL-602308/2026;28/09/2026 - 11:17;0d.00h15m;3;RT/BLM /NO /NET/FO;-;;E;-;C
CTL MJPLINCTL 0F3LINVC4S;ACESSO CLIENTE;MT-26;RAL-602318/2026;28/09/2026 - 11:19;0d.00h23m;3;RT/GNA /CO /NET/FO;-;;E;-;C
RJO AM RJO TP OTS;QUALIDADE;MT-99;RAL-379845/2026;24/06/2026 - 11:29;95d.22h59m;6;RT/RJO /NO3/PCS/FO;-;F196679;E;-;C
SERPBR VRD BV OTS;QUALIDADE;MT-99;RAL-380097/2026;24/06/2026 - 13:09;13d.04h38m;8;RC/RJO /AM /NET/SG;-;;E;-;C
RJO AM RJO NT0 OTS;BACKBONE;MT-26;RAL-579636/2025;21/09/2025 - 22:07;371d.12h14m;19;RC/RJO /AM /NET/SG;-;;E;-;S
SWAP V.TAL MIC X TPU;BACKBONE;MT-99;RAL-546112/2026;04/09/2026 - 10:04;23d.19h44m;4;RC/MNS /NO /NET/SG;-;;E;-;S
SWAP K2 PBS X JFA;BACKBONE;MT-99;RAL-590273/2026;23/09/2026 - 10:21;3d.00h58m;16;RT/RJO /SEF/NET/FO;-;;E;-;S
SWAP K2 INW X AFONSO CLAU;BACKBONE;MT-99;RAL-590882/2026;23/09/2026 - 13:27;4d.22h04m;3;RT/VTA /NOR/FFA/FO;-;;E;-;S
SWAP ALTAREDE RJO X RJO;BACKBONE;MT-99;RAL-597378/2026;25/09/2026 - 13:36;2d.01h29m;9;RT/RJO /OE1/NET/FO;-;;E;-;S
SWAP WINDX VVA*GRI;BACKBONE;MT-99;RAL-599158/2026;26/09/2026 - 10:50;2d.00h53m;3;RT/VTA /MTS/FFA/FO;-;;E;-;S
SWAP FO VIVO MAFL X VIA;BACKBONE;MT-01;RAL-599625/2026;26/09/2026 - 17:11;1d.18h27m;5;RT/VTA /MTS/FFA/FO;-;;E;-;S
SWAP K2 SMJ X INW;BACKBONE;MT-99;RAL-600467/2026;27/09/2026 - 13:23;0d.21h58m;3;RT/VTA /NOR/FFA/FO;-;;E;-;S
VAZCTSABOLT01;BACKBONE;FO-01;RAL-600744/2026;27/09/2026 - 17:40;0d.18h00m;2;RT/CBA /CO /NET/FO;-;;E;-;S
SWAP FO VTAL VIA X DGM;BACKBONE;MT-01;RAL-600843/2026;27/09/2026 - 19:19;0d.16h24m;3;RT/VTA /NOR/FFA/FO;-;;E;-;S
NIUSEGABOLT01_RJNIG85_P01;BACKBONE;FO-01;RAL-601521/2026;28/09/2026 - 06:43;0d.04h49m;3;RT/RJO /BX1/NET/FO;-;;E;-;S
RJOCOPAIOLT02_RJCOPS7_P02;BACKBONE;FO-01;RAL-602054/2026;28/09/2026 - 10:08;0d.01h27m;3;RT/RJO /CZS/NET/FO;-;;E;-;S
SWAP WIKI CAH*SID;BACKBONE;MT-99;RAL-602069/2026;28/09/2026 - 10:11;0d.01h18m;3;RT/BLM /NO /ETG/FO;-;;E;-;S
SWAP V.TAL CRN X RIH;BACKBONE;MT-99;RAL-602113/2026;28/09/2026 - 10:24;0d.01h07m;4;RT/ITZ /CE /MVA/FO;-;;E;-;S
RJOMRRAKOLT01_RJMAD16_P01;BACKBONE;FO-01;RAL-602332/2026;28/09/2026 - 11:23;0d.00h19m;3;RT/RJO /NO2/NET/FO;-;;E;-;S
NODE B/MG BET94/MG BET21;COLETOR;CB-99;RAL-494020/2026;14/08/2026 - 02:33;45d.09h13m;2;RT/BHE /ES /FFA/FO;2;;E;-;S
NODE B RRIRC01 X RRCKR01;COLETOR;CB-99;RAL-581488/2026;19/09/2026 - 23:01;8d.12h36m;2;RT/BVA /NO /NET/FO;-;;E;-;S
NODE B RRVIV01 X RRBVA03;COLETOR;CB-99;RAL-584425/2026;21/09/2026 - 12:08;6d.23h34m;2;RT/BVA /NO /NET/FO;-;;E;-;S
NODE B PAXGA01 X PAAGA01;COLETOR;CB-99;RAL-589167/2026;22/09/2026 - 18:48;5d.16h49m;2;RT/BLM /NO /ETG/FO;-;;E;-;S
NODE B AMMNS16 X AMMNS05;COLETOR;CB-99;RAL-595317/2026;24/09/2026 - 19:32;3d.16h07m;2;RT/MNS /NO /NET/FO;-;;E;-;S
NODE B MTROI03 X MTALU01;COLETOR;CB-99;RAL-596272/2026;25/09/2026 - 08:54;1d.01h55m;9;RT/CBA /CO /NET/FO;-;;E;-;S
NODE B PEBVT25 X PEBVT06;COLETOR;CB-99;RAL-598459/2026;25/09/2026 - 21:06;2d.14h40m;2;RT/RCE /NE /NET/FO;-;;E;-;S
NODE B MTSVGR2 X MTCBAR9;COLETOR;CB-99;RAL-598473/2026;25/09/2026 - 21:21;2d.14h22m;2;RT/CBA /CO /NET/FO;-;;E;-;S
NODE B ES SERR1 X ES FUN0;COLETOR;CL-01;RAL-598993/2026;26/09/2026 - 09:10;1d.22h26m;6;RT/VTA /MTN/FFA/FO;1;;E;-;S
NODE B GOSCQ05 X GOGNA3W;COLETOR;CB-99;RAL-599396/2026;26/09/2026 - 13:57;1d.21h37m;2;RT/GNA /CO /NET/FO;2;;E;-;S
NODE B PI SYU01 X PI CLP0;COLETOR;CL-01;RAL-600421/2026;27/09/2026 - 12:44;0d.23h00m;2;RT/TSA /CE /NET/FO;-;;E;-;S
NODE B PERIFR1 X PEIPJ01;COLETOR;CB-99;RAL-600821/2026;27/09/2026 - 18:57;0d.16h47m;2;RT/RCE /NE /NET/FO;-;;E;-;S
NODE B MGTRD02 X MGTRD01;COLETOR;CB-99;RAL-600870/2026;27/09/2026 - 19:38;0d.16h05m;2;RT/JFA /JC /FFA/FO;-;;E;-;S
RUP NODEB RJNIG05-RMD02;COLETOR;CB-99;RAL-600910/2026;27/09/2026 - 20:40;0d.15h00m;2;RT/RJO /BX1/NET/FO;-;;E;-;S
NODE B RJQUE21 X RJNIGC8;COLETOR;CB-99;RAL-600913/2026;27/09/2026 - 20:42;0d.14h58m;2;RT/RJO /BX1/NET/FO;-;;E;-;S
NODE B MAACD02 X MAACD01;COLETOR;CB-99;RAL-600928/2026;27/09/2026 - 20:55;0d.14h44m;2;RT/SLS /NO /MVA/FO;-;;E;-;S
NODE B MAACD16 X MAACD08;COLETOR;CB-99;RAL-600929/2026;27/09/2026 - 20:57;0d.14h43m;2;RT/SLS /NO /MVA/FO;-;;E;-;S
NODE B MGARG20 X MGARG04;COLETOR;CB-99;RAL-601098/2026;28/09/2026 - 00:33;0d.11h08m;2;RT/ULA /MA /FFA/FO;-;;E;-;S
RUP NODEB PEVSA03-RMD01;COLETOR;CB-99;RAL-601283/2026;28/09/2026 - 03:06;0d.08h32m;2;RT/RCE /NE /NET/FO;-;;E;-;S
EVENTO_VVE_28_09_ESVVE;COLETOR;CB-99;RAL-601375/2026;28/09/2026 - 03:21;0d.08h25m;2;RT/VTA /MTS/FFA/FO;8;;E;-;S
NODE B RRBVA69 X RRBVA03;COLETOR;CB-99;RAL-601467/2026;28/09/2026 - 05:48;0d.05h38m;3;RT/BVA /NO /NET/FO;-;;E;-;S
NODE B AMMNS48 X AMMNS16;COLETOR;CB-99;RAL-601469/2026;28/09/2026 - 05:51;0d.05h42m;2;RT/MNS /NO /NET/FO;-;;E;-;S
NODE B/RJ NIG93;COLETOR;FO-01;RAL-601607/2026;28/09/2026 - 08:00;0d.03h22m;2;RT/RJO /BX1/NET/FO;-;;E;-;S
NODE B/RJ PRT10/RJ PRT01(;COLETOR;FO-01;RAL-601754/2026;28/09/2026 - 09:00;0d.02h33m;2;RT/RJO /SUF/NET/FO;-;;E;-;S
NODE B/PE MDL05/PE CGB19;COLETOR;CL-01;RAL-601920/2026;28/09/2026 - 09:42;0d.02h03m;2;RT/RCE /NE /NET/FO;2;;E;-;S
NODE B MAEBT08 X MAACD12;COLETOR;CL-01;RAL-602042/2026;28/09/2026 - 10:05;0d.01h39m;2;RT/SLS /NO /MVA/FO;-;;E;-;S
EVENTO_VTA_28_09_ESCIT;COLETOR;CB-99;RAL-602127/2026;28/09/2026 - 08:55;0d.02h51m;2;RT/VTA /SUL/FFA/FO;7;;E;-;S
NODE B MTPVT01 X MTPVT03;COLETOR;CL-01;RAL-602299/2026;28/09/2026 - 11:15;0d.00h28m;3;RT/CBA /CO /NET/FO;-;;E;-;S
NODE B GOCTL99 X GOCTL14;COLETOR;CL-01;RAL-602317/2026;28/09/2026 - 11:19;0d.00h24m;2;RT/GNA /CO /NET/FO;-;;E;-;S
NODE B PABLMK6 X PABLM57;COLETOR;CB-99;RAL-602334/2026;28/09/2026 - 11:24;0d.00h11m;2;RT/BLM /NO /ETG/FO;-;;E;-;S
NODE B MAVGE01 X MAITI01;COLETOR;CB-99;RAL-602393/2026;28/09/2026 - 11:41;0d.00h06m;1;DP/SLS /CE /NET/FO;-;;E;-;S
NIU-MFP -OFFLN;PPC;EN-99;RAL-601606/2026;28/09/2026 - 07:57;0d.00h57m;9;RT/RJO /NO2/NET/FO;-;;E;-;S
RJO TPLINERJO 0TILINB16S;ACESSO CLIENTE;FO-01;RAL-470114/2026;04/08/2026 - 10:06;53d.00h34m;6;DP/RJO /AM /NET/FO;-;TRICKSC;E;-;S
EVENTO_NO2_CB12156_SEMP;ACESSO CLIENTE;CB-99;RAL-600360/2026;27/09/2026 - 10:25;1d.01h21m;2;RT/RJO /NO2/NET/FO;8;;E;-;S
F600G_RJOQLV_004;ACESSO CLIENTE;MT-26;RAL-601604/2026;28/09/2026 - 07:58;0d.03h20m;3;RT/RJO /OE1/NET/FO;-;;E;-;S
ILH APLINEILH IOLINEB16S;ACESSO CLIENTE;FO-01;RAL-602123/2026;28/09/2026 - 10:28;0d.01h14m;3;RT/ITB /BR /SUL/FO;-;;E;-;S
RJO AM RJO NBF OTS;QUALIDADE;MT-27;RAL-50286/2024;25/01/2024 - 14:28;388d.05h10m;8;RC/RJO /AM /NET/SG;-;;E;-;S
RJO AM TANGBR B40W;QUALIDADE;MT-26;RAL-283582/2024;17/05/2024 - 11:55;352d.00h04m;10;RC/RJO /AM /NET/SG;2;;E;-;S
NRI ITG TANGBR OTS;QUALIDADE;MT-99;RAL-471986/2024;13/08/2024 - 20:35;299d.18h07m;10;RC/RJO /AM /NET/SG;-;;E;-;S
JFA JC PBS PRB OTS;QUALIDADE;MT-05;RAL-692180/2024;13/11/2024 - 18:02;220d.23h01m;14;RC/RJO /AM /NET/SG;-;;E;-;S
RJO AM TANGBR OTS;QUALIDADE;MT-05;RAL-731210/2024;01/12/2024 - 14:15;391d.20h09m;8;RC/RJO /AM /NET/SG;-;;E;-;S
CQU C01 MGO CEN OTS;QUALIDADE;MT-99;RAL-767653/2024;16/12/2024 - 05:05;299d.14h31m;7;RC/PAE /BV /NET/SG;-;;E;-;S
RJO GBN RJO HL OTS;QUALIDADE;MT-99;RAL-23669/2025;13/01/2025 - 11:59;389d.03h08m;16;RC/RJO /AM /NET/SG;-;;E;-;S
CDA MA ERE SSB OTS;QUALIDADE;MT-26;RAL-81259/2025;06/02/2025 - 15:26;299d.13h58m;45;RC/PAE /BV /NET/SG;-;;E;-;S
RIN LG RON JB OTS;QUALIDADE;CB-99;RAL-113182/2025;20/02/2025 - 07:59;560d.04h56m;7;RC/FNS /PO /NET/SG;-;;E;-;S
JGS BDB SBS CE OTS;QUALIDADE;CB-99;RAL-116174/2025;21/02/2025 - 06:40;542d.04h55m;4;RC/FNS /PO /NET/SG;-;;E;-;S
CQU C01 GUB PP OTS;QUALIDADE;CB-99;RAL-116622/2025;21/02/2025 - 09:46;584d.01h59m;3;RC/PAE /BV /NET/SG;-;;E;-;S
DPO AN SIV RC OTS;QUALIDADE;MT-05;RAL-165457/2025;14/03/2025 - 12:23;562d.23h11m;4;RC/PAE /BV /NET/SG;-;;E;-;S
CAN NET PAE MF OTS;QUALIDADE;CB-99;RAL-206107/2025;01/04/2025 - 06:50;545d.04h55m;3;RC/PAE /BV /NET/SG;-;;E;-;S
CHP AS SJC EB OTS;QUALIDADE;MT-99;RAL-224859/2025;08/04/2025 - 16:36;481d.20h04m;5;RC/CAS /BC /NET/SG;-;;E;-;S
RJO 0TF RJO 4CL OTS;QUALIDADE;MT-26;RAL-226114/2025;09/04/2025 - 09:39;354d.20h25m;7;RC/RJO /AM /NET/SG;-;;E;-;S
RJO ALO RJO AM OTS;QUALIDADE;MT-99;RAL-226546/2025;09/04/2025 - 11:28;242d.17h12m;9;RC/RJO /AM /NET/SG;-;;E;-;S
MRC MRC NRI MPA OTS;QUALIDADE;MT-26;RAL-244941/2025;17/04/2025 - 15:50;391d.20h07m;6;RC/RJO /AM /NET/SG;-;;E;-;S
BRH FZ RPO TB OTS;QUALIDADE;MT-26;RAL-251291/2025;22/04/2025 - 17:02;436d.16h17m;7;RC/CAS /BC /NET/SG;-;;E;-;S
CZA JV1 JCS C01 OTS;QUALIDADE;CB-99;RAL-261816/2025;28/04/2025 - 08:03;518d.03h42m;3;RC/PAE /BV /NET/SG;-;;E;-;S
BPR C01 NHO LO OTS;QUALIDADE;MT-05;RAL-277303/2025;05/05/2025 - 15:49;299d.14h33m;5;RC/PAE /BV /NET/SG;-;;E;-;S
ALLGAG1 BUTOFC OTS;QUALIDADE;CB-99;RAL-294968/2025;13/05/2025 - 12:39;50d.15h24m;7;RT/ITZ /CE /MVA/FO;2;;E;-;S
JVE LN SFS FS OTS;QUALIDADE;MT-26;RAL-340125/2025;01/06/2025 - 07:50;484d.03h38m;4;RC/FNS /PO /NET/SG;-;;E;-;S
ENTOKB PQIAFC OTS;QUALIDADE;MT-26;RAL-358084/2025;09/06/2025 - 11:27;431d.03h13m;5;RC/SLS /CE /NET/SG;-;;E;-;S
CUA SV TRO EPC OTS;QUALIDADE;MT-27;RAL-379056/2025;18/06/2025 - 12:55;144d.21h19m;19;RC/FNS /PO /NET/SG;-;;E;-;S
RJO EN RJO GBN OTS;QUALIDADE;MT-99;RAL-379833/2025;18/06/2025 - 17:40;353d.04h17m;11;RC/RJO /AM /NET/SG;-;;E;-;S
GVS JK IIG LV B40W;QUALIDADE;MT-05;RAL-384481/2025;21/06/2025 - 20:22;292d.01h23m;5;RC/BHE /ES /NET/SG;-;;E;-;S
CVZ LB MNS EM OTS;QUALIDADE;MD-11;RAL-389331/2025;24/06/2025 - 10:49;460d.03h30m;4;RC/MNS /NO /NET/SG;-;;V;-;S
CBU RD TANGBR OTS;QUALIDADE;MT-99;RAL-413877/2025;05/07/2025 - 02:34;391d.20h08m;9;RC/RJO /AM /NET/SG;-;;E;-;S
ATM AC VTXUVIV OTS;QUALIDADE;CB-99;RAL-440565/2025;18/07/2025 - 11:08;326d.02h18m;9;RC/BLM /NO /NET/SG;-;;E;-;S
"SWAP FIBRA V.TAL; CRN -ET";QUALIDADE;MT-05;RAL-448351/2025;22/07/2025 - 16:50;330d.04h47m;20;RC/SLS /CE /NET/SG;-;;E;-;S
BUTPFC PQIAFC OTS;QUALIDADE;MT-05;RAL-477901/2025;05/08/2025 - 17:59;50d.15h24m;20;RT/ITZ /CE /MVA/FO;-;;E;-;S
JVE LN JVE UQ8 OTS;QUALIDADE;CB-99;RAL-478259/2025;06/08/2025 - 00:39;417d.14h15m;3;RC/FNS /PO /NET/SG;-;;E;-;S
PAE DCB PAE MF OTS;QUALIDADE;CB-99;RAL-493127/2025;12/08/2025 - 23:17;404d.23h05m;3;RC/PAE /BV /NET/SG;-;;E;-;S
AZS CL1 CVZ LB OTS;QUALIDADE;MD-11;RAL-536306/2025;02/09/2025 - 12:22;390d.22h47m;9;RC/MNS /NO /NET/SG;-;;E;-;S
CXS VO TSA AN OTS;QUALIDADE;MT-05;RAL-581800/2025;22/09/2025 - 14:38;370d.19h34m;6;RC/SLS /CE /NET/SG;-;;E;-;S
ALQ 0E2 SRM SP OTS;QUALIDADE;MT-05;RAL-582475/2025;22/09/2025 - 16:50;370d.14h26m;6;RC/BLM /NO /NET/SG;-;;E;-;S
ALLGAG1 SIS KB OTS;QUALIDADE;MT-05;RAL-582758/2025;22/09/2025 - 17:48;369d.22h12m;5;RC/SLS /CE /NET/SG;-;;E;-;S
GVS JK TOT BR OTS;QUALIDADE;MT-05;RAL-584837/2025;23/09/2025 - 10:42;342d.04h20m;5;RC/BHE /ES /NET/SG;-;;E;-;S
ENTOKB VNTEBR OTS;QUALIDADE;MT-05;RAL-584967/2025;23/09/2025 - 11:09;346d.11h51m;9;RC/SLS /CE /NET/SG;-;;E;-;S
NRI ITG RJO AM OTS;QUALIDADE;MT-26;RAL-585731/2025;23/09/2025 - 14:49;299d.18h04m;6;RC/RJO /AM /NET/SG;-;;E;-;S
MGO RB VAI R2 OTS;QUALIDADE;CB-99;RAL-586687/2025;23/09/2025 - 22:24;299d.13h56m;3;RC/PAE /BV /NET/SG;-;;E;-;S
SDE C01 SJA C01 OTS;QUALIDADE;CB-99;RAL-586698/2025;23/09/2025 - 22:39;299d.13h55m;37;RC/PAE /BV /NET/SG;-;;E;-;S
CAN NET NHO LO OTS;QUALIDADE;CB-99;RAL-586708/2025;23/09/2025 - 22:54;299d.13h53m;3;RC/PAE /BV /NET/SG;-;;E;-;S
SCR EA VAI R2 OTS;QUALIDADE;CB-99;RAL-586716/2025;23/09/2025 - 23:11;299d.13h50m;3;RC/PAE /BV /NET/SG;-;;E;-;S
RJO EN RJO 4WR OTS;QUALIDADE;MT-99;RAL-599122/2025;29/09/2025 - 15:46;354d.20h28m;4;RC/RJO /AM /NET/SG;-;;E;-;S
MAM BR ULA MA OTS;QUALIDADE;MT-26;RAL-607116/2025;02/10/2025 - 14:11;311d.02h22m;7;RC/BHE /ES /NET/SG;-;;E;-;S
HUT SU PVO FN OTS;QUALIDADE;MT-01;RAL-651280/2025;22/10/2025 - 11:54;250d.01h26m;5;RC/MNS /NO /NET/SG;-;F117877;E;-;S
CTUJ0DY TOT BR OTS;QUALIDADE;MT-01;RAL-651841/2025;22/10/2025 - 14:45;312d.23h22m;8;RC/BHE /ES /NET/SG;-;;E;-;S
BLA CR SMN MN1 OTS;QUALIDADE;MT-26;RAL-652143/2025;22/10/2025 - 16:07;311d.02h17m;4;RC/SLS /CE /NET/SG;-;;E;-;S
CJROFJ NVODKB OTS;QUALIDADE;MT-26;RAL-656001/2025;24/10/2025 - 05:27;334d.13h20m;4;RC/SLS /CE /NET/SG;1;;E;-;S
AMM ISO LJI VIV OTS;QUALIDADE;MT-26;RAL-662185/2025;27/10/2025 - 14:16;331d.12h41m;6;RC/MPA /NO /NET/SG;-;;E;-;S
IUB PM ULA BR2 OTS;QUALIDADE;MT-26;RAL-662641/2025;27/10/2025 - 16:21;282d.01h04m;8;RC/BHE /ES /NET/SG;-;;E;-;S
AGNPFC ITZ RC OTS 001;QUALIDADE;MT-26;RAL-667838/2025;29/10/2025 - 14:35;293d.12h48m;6;RC/SLS /CE /NET/SG;1;;E;-;S
UNI CL UNI 0FA OTS;QUALIDADE;MT-26;RAL-693544/2025;10/11/2025 - 15:32;282d.00h54m;4;RC/BHE /ES /NET/SG;-;;E;-;S
BELTSEA RRI C02 OTS;QUALIDADE;MT-01;RAL-724024/2025;24/11/2025 - 18:06;307d.17h35m;4;RC/BLM /NO /NET/SG;-;;E;-;S
IOT VIV RPE VIV OTS;QUALIDADE;MT-01;RAL-735630/2025;29/11/2025 - 12:47;281d.23h40m;23;RC/MNS /NO /NET/SG;-;;E;-;S
ITZ RC PQIAFC OTS;QUALIDADE;MT-01;RAL-736536/2025;30/11/2025 - 11:28;293d.12h47m;4;RC/SLS /CE /NET/SG;-;;E;-;S
CAH BR SID BR OTS;QUALIDADE;MT-01;RAL-740812/2025;02/12/2025 - 11:47;293d.19h27m;4;RC/BLM /NO /NET/SG;-;;E;-;S
ALQ CAM OXA ISO OTS;QUALIDADE;MT-26;RAL-769456/2025;14/12/2025 - 17:16;286d.23h27m;4;RC/BLM /NO /NET/SG;1;;E;-;S
ADA BR IZA BR OTS;QUALIDADE;MT-99;RAL-773867/2025;16/12/2025 - 10:46;214d.20h58m;5;RC/RJO /AM /NET/SG;-;F196679;E;-;S
CPJ 0E5 IJA MBL OTS;QUALIDADE;MT-99;RAL-774024/2025;16/12/2025 - 11:27;230d.18h37m;10;RC/BHE /ES /NET/SG;-;;E;-;S
IXT 0DY SKV VIV OTS;QUALIDADE;MT-26;RAL-777266/2025;17/12/2025 - 12:32;282d.01h13m;5;RC/MNS /NO /NET/SG;-;;E;-;S
MNS EM MNS SEW OTS;QUALIDADE;MT-01;RAL-6153/2026;05/01/2026 - 16:56;265d.17h35m;3;RC/MNS /NO /NET/SG;-;;E;-;S
CXUABR STY FB OTS;QUALIDADE;CB-99;RAL-34031/2026;18/01/2026 - 18:56;205d.00h05m;4;RC/SLS /CE /NET/SG;-;;E;-;S
SWAP WIKI DEU X ULNS;QUALIDADE;MT-99;RAL-36107/2026;19/01/2026 - 16:18;241d.04h21m;9;RC/SLS /CE /NET/SG;-;;E;-;S
SLS US STY 0E0 OTS;QUALIDADE;MT-27;RAL-39331/2026;20/01/2026 - 17:19;50d.15h23m;9;RT/SLS /NO /MVA/FO;-;;E;-;S
RCE BV RCE EAC OTS;QUALIDADE;MT-27;RAL-54802/2026;28/01/2026 - 11:15;222d.20h13m;5;RC/RCE /NE /NET/SG;-;;E;-;S
SDZTDZ1 SMN MN1 OTS;QUALIDADE;MT-26;RAL-57062/2026;29/01/2026 - 10:19;239d.02h05m;4;RC/SLS /CE /NET/SG;-;;E;-;S
BBEIC01 SLS US OTS;QUALIDADE;MT-01;RAL-71201/2026;04/02/2026 - 18:37;119d.20h08m;4;RC/SLS /CE /NET/SG;1;;E;-;S
DVL APJ SDT JV OTS;QUALIDADE;MT-27;RAL-72901/2026;05/02/2026 - 12:31;158d.14h31m;8;RC/BHE /ES /NET/SG;-;;E;-;S
SWAP ALTAREDE MRC X SQR;QUALIDADE;MT-99;RAL-77975/2026;07/02/2026 - 19:07;232d.16h32m;3;RT/RJO /MTP/NET/FO;-;DAGOMES;E;-;S
CDO RP CXUABR OTS;QUALIDADE;MT-27;RAL-78993/2026;08/02/2026 - 18:46;231d.16h42m;4;RC/SLS /CE /NET/SG;-;;E;-;S
LAV AA SOE PRO OTS;QUALIDADE;MT-26;RAL-93381/2026;14/02/2026 - 00:38;226d.06h08m;5;RC/BHE /ES /NET/SG;-;;E;-;S
TCS BR VGA V3X OTS;QUALIDADE;CB-99;RAL-104008/2026;19/02/2026 - 17:06;220d.17h53m;4;RC/BHE /ES /NET/SG;-;;E;-;S
GRI CL4 VTA JM OTS;QUALIDADE;MT-26;RAL-116772/2026;25/02/2026 - 16:18;187d.02h56m;5;RC/VTA /JM /NET/SG;-;;E;-;S
SDR IT SOCERL B40W;QUALIDADE;MT-05;RAL-120082/2026;26/02/2026 - 17:14;213d.18h06m;4;RC/SDR /BA /NET/SG;-;;E;-;S
MIC AT TPU JB OTS;QUALIDADE;MT-26;RAL-121779/2026;27/02/2026 - 12:44;212d.21h20m;4;RC/MNS /NO /NET/SG;-;;E;-;S
NOF AMB TRL 0E8 OTS;QUALIDADE;MT-26;RAL-124777/2026;01/03/2026 - 13:20;169d.22h11m;4;RC/RJO /AM /NET/SG;-;;E;-;S
COS 01 PDU 010 OTS;QUALIDADE;MT-05;RAL-131741/2026;04/03/2026 - 11:15;207d.21h17m;4;RC/SLS /CE /NET/SG;-;;E;-;S
CXUABR PDU 010 OTS;QUALIDADE;MT-05;RAL-131915/2026;04/03/2026 - 12:05;206d.14h28m;4;RC/SLS /CE /NET/SG;-;;E;-;S
UBA CA VCS JSA OTS;QUALIDADE;MT-05;RAL-132636/2026;04/03/2026 - 15:11;207d.19h22m;6;RC/BHE /ES /NET/SG;-;;E;-;S
ANJ FC SIS KB OTS;QUALIDADE;MT-26;RAL-137195/2026;06/03/2026 - 11:40;205d.21h05m;5;RC/SLS /CE /NET/SG;-;;E;-;S
AMM CL2 MPA GG OTS;QUALIDADE;MT-05;RAL-137815/2026;06/03/2026 - 15:31;205d.20h07m;6;RC/BLM /NO /NET/SG;-;;E;-;S
SWAP ALTAREDE PTS X XERE;QUALIDADE;MT-99;RAL-139796/2026;07/03/2026 - 21:06;157d.01h57m;17;RT/RJO /BX1/NET/FO;-;DAGOMES;E;-;S
CVZ LB MNS HZ OTS;QUALIDADE;MD-11;RAL-149972/2026;12/03/2026 - 10:31;200d.01h02m;4;RC/MNS /NO /NET/SG;-;;E;-;S
PEP-EE.25005.03.;QUALIDADE;CB-99;RAL-163670/2026;18/03/2026 - 14:38;193d.21h08m;2;RC/BSA /CO /NET/FO;7;;E;-;S
MNS EM RPE C01 OTS;QUALIDADE;MT-05;RAL-183751/2026;27/03/2026 - 11:54;166d.01h26m;15;RC/MNS /NO /NET/SG;-;;E;-;S
SWAP FO V.TAL SMN - SDZT;QUALIDADE;MT-05;RAL-191898/2026;31/03/2026 - 11:36;54d.01h58m;21;RT/SLS /NO /MVA/FO;-;;E;-;S
CTE INT MCL DR OTS;QUALIDADE;MT-26;RAL-214166/2026;10/04/2026 - 09:03;158d.14h48m;5;RC/BHE /ES /NET/SG;-;;E;-;S
SWA FIBRA VIVO: NRI X MRC;QUALIDADE;MT-05;RAL-223322/2026;14/04/2026 - 15:41;166d.19h52m;3;RT/RJO /MTP/NET/FO;-;DAGOMES;E;-;S
SWAP FIBRA V.TAL: ARCOS X;QUALIDADE;MT-05;RAL-223754/2026;14/04/2026 - 18:06;31d.01h33m;30;RT/RJO /CZS/NET/FO;-;;E;-;S
GUR BR TLMAKB OTS;QUALIDADE;MD-11;RAL-224717/2026;15/04/2026 - 08:14;41d.04h36m;7;RT/PMJ /CO /NET/FO;-;;E;-;S
PTS BR RJO EN OTS;QUALIDADE;MT-27;RAL-226489/2026;15/04/2026 - 17:57;165d.13h09m;7;RT/RJO /NO1/NET/FO;-;WGOMESA;E;-;S
CIM BA GRI MC OTS;QUALIDADE;MT-99;RAL-227440/2026;16/04/2026 - 09:27;67d.18h18m;4;RT/VTA /SUL/FFA/FO;-;F196679;E;-;S
RJO HL SERPBR OTS;QUALIDADE;MT-27;RAL-227996/2026;16/04/2026 - 11:52;14d.00h20m;27;RT/RJO /BX1/NET/FO;-;DAGOMES;E;-;S
SLS US STY OI OTS;QUALIDADE;MD-11;RAL-228473/2026;16/04/2026 - 14:09;2d.22h39m;43;RC/SLS /CE /NET/SG;-;;E;-;S
RJO EN SERPBR OTS;QUALIDADE;MT-27;RAL-228694/2026;16/04/2026 - 14:49;139d.23h19m;17;RT/RJO /BX1/NET/FO;-;DAGOMES;E;-;S
RJO AM RJO EN OTS;QUALIDADE;MT-27;RAL-229452/2026;16/04/2026 - 18:38;75d.18h03m;10;RC/RJO /AM /NET/SG;-;;E;-;S
SERPBR VRD SC OTS;QUALIDADE;MT-27;RAL-230737/2026;17/04/2026 - 09:58;111d.23h03m;15;RC/RJO /AM /NET/SG;-;F196679;E;-;S
PBI PRB SERPBR OTS;QUALIDADE;MT-27;RAL-232015/2026;17/04/2026 - 17:12;103d.20h28m;33;RC/RJO /AM /NET/SG;-;;E;-;S
MCO MS VIS INT OTS;QUALIDADE;MT-26;RAL-234780/2026;20/04/2026 - 05:41;146d.16h10m;4;RC/MCO /NE /NET/SG;-;;E;-;S
RJO AM RJO EN OTS;QUALIDADE;MT-27;RAL-235058/2026;20/04/2026 - 09:01;75d.18h08m;11;RC/RJO /AM /NET/SG;-;;E;-;S
CAVNMC CNA CL2 OTS;QUALIDADE;MT-05;RAL-240036/2026;22/04/2026 - 16:11;158d.13h40m;5;RC/VTA /JM /NET/SG;-;;E;-;S
SWAP ALTAREDE RJO - RJO;QUALIDADE;MT-99;RAL-240602/2026;22/04/2026 - 21:01;134d.05h41m;9;RT/RJO /NO1/NET/FO;-;WGOMESA;E;-;S
PTS BR TRL 0E8 OTS;QUALIDADE;MT-26;RAL-262180/2026;02/05/2026 - 23:30;13d.04h32m;6;RC/RJO /AM /NET/SG;-;;E;-;S
IPRAN ES DMR04/ES DMR01;QUALIDADE;FO-99;RAL-265167/2026;04/05/2026 - 15:22;146d.20h15m;2;RT/VTA /MTS/FFA/FO;-;F196679;E;-;S
LNS RVA SMT JN OTS;QUALIDADE;MT-05;RAL-267859/2026;05/05/2026 - 14:21;114d.15h56m;34;RT/VTA /NOR/FFA/FO;-;F196679;E;-;S
NODE B RJSGO47X RJSGO09;QUALIDADE;CL-01;RAL-276252/2026;08/05/2026 - 11:51;142d.23h42m;2;RT/RJO /MTP/NET/FO;4;DAGOMES;E;-;S
ARS PP PAT MC B40W;QUALIDADE;MT-27;RAL-279231/2026;09/05/2026 - 19:42;136d.20h47m;4;RC/RJO /AM /NET/SG;2;;E;-;S
RJO EN SERPBR OTS;QUALIDADE;MT-27;RAL-290722/2026;14/05/2026 - 14:29;136d.21h08m;3;RT/RJO /BX1/NET/FO;3;DAGOMES;E;-;S
VAS TV VRD SC OTS;QUALIDADE;MT-27;RAL-291562/2026;14/05/2026 - 18:53;111d.22h58m;4;RC/RJO /AM /NET/SG;-;F196679;E;-;S
SWAP VIVO ANS X ABI;QUALIDADE;MT-99;RAL-294425/2026;15/05/2026 - 18:30;135d.17h06m;3;RT/GNA /CO /NET/FO;-;;E;-;S
MESQV2E SERPBR OTS;QUALIDADE;MT-26;RAL-301374/2026;19/05/2026 - 16:05;131d.19h14m;6;RT/RJO /BX1/NET/FO;-;DAGOMES;E;-;S
CDO RP CXUABR OTS;QUALIDADE;MT-26;RAL-304388/2026;20/05/2026 - 18:59;109d.01h13m;5;RT/CXUA/BR /MVA/FO;-;;E;-;S
BBI AC SDT JV OTS;QUALIDADE;MT-05;RAL-305708/2026;21/05/2026 - 10:48;129d.14h58m;4;RC/BHE /ES /NET/SG;-;;E;-;S
DQX TB RJO AM OTS;QUALIDADE;MT-25;RAL-308680/2026;22/05/2026 - 11:38;128d.23h37m;5;RT/RJO /NO1/NET/FO;1;WGOMESA;E;-;S
NRI ITG TANGBR OTS;QUALIDADE;MT-27;RAL-309632/2026;22/05/2026 - 16:36;128d.18h59m;3;RT/RJO /MTP/NET/FO;-;DAGOMES;E;-;S
BHE ES JML AL OTS;QUALIDADE;MT-05;RAL-314658/2026;25/05/2026 - 17:52;125d.16h37m;4;RC/BHE /ES /NET/SG;-;;E;-;S
RJO AM RJO EN OTS;QUALIDADE;MT-27;RAL-316770/2026;26/05/2026 - 12:36;75d.18h00m;4;RC/RJO /AM /NET/SG;-;;E;-;S
RJO AM RJO EN OTS;QUALIDADE;MT-27;RAL-316873/2026;26/05/2026 - 12:41;75d.17h57m;4;RC/RJO /AM /NET/SG;-;;E;-;S
BLM SZ BVS BR OTS;QUALIDADE;MT-27;RAL-319638/2026;27/05/2026 - 12:15;123d.02h17m;5;RC/BLM /NO /NET/SG;-;;E;-;S
IUA LIV MAM JK OTS;QUALIDADE;MT-26;RAL-319813/2026;27/05/2026 - 13:24;122d.18h50m;6;RC/BHE /ES /NET/SG;-;;E;-;S
RJO EN SERPBR OTS;QUALIDADE;MT-26;RAL-320016/2026;27/05/2026 - 14:35;101d.02h07m;6;RT/RJO /BX1/NET/FO;2;DAGOMES;E;-;S
BBL FO SIS KB OTS;QUALIDADE;MD-11;RAL-325357/2026;29/05/2026 - 11:28;121d.14h02m;4;RC/SLS /CE /NET/SG;-;;E;-;S
SWAP FO VTAL: URM - FLA;QUALIDADE;MT-05;RAL-325364/2026;29/05/2026 - 11:30;40d.22h05m;12;RT/FLA /CE /NET/FO;-;;E;-;S
CGE FP GIH 0E0 OTS;QUALIDADE;MT-27;RAL-325443/2026;29/05/2026 - 11:40;121d.23h37m;4;RC/JPA /NE /NET/SG;-;;E;-;S
ANAYVIV PCJ VIV OTS;QUALIDADE;MT-27;RAL-325910/2026;29/05/2026 - 13:54;121d.16h32m;10;RC/BLM /NO /NET/SG;-;;E;-;S
BLM QB CAH BR OTS;QUALIDADE;MD-11;RAL-326407/2026;29/05/2026 - 16:42;121d.18h24m;4;RC/BLM /NO /NET/SG;1;;E;-;S
SWAP V.TAL DGM - VIA;QUALIDADE;MT-99;RAL-340213/2026;05/06/2026 - 16:07;114d.18h48m;6;RT/VTA /MTS/FFA/FO;-;F196679;E;-;S
SWAP FO V.TAL VNI - MAFL;QUALIDADE;MT-05;RAL-340439/2026;05/06/2026 - 17:36;114d.18h06m;3;RT/VTA /MTS/FFA/FO;-;F196679;E;-;S
LAV AA VGA TG OTS;QUALIDADE;MT-05;RAL-345085/2026;08/06/2026 - 17:20;111d.17h45m;4;RC/BHE /ES /NET/SG;-;;E;-;S
JUN N90 MBA TM OTS;QUALIDADE;MT-99;RAL-350532/2026;10/06/2026 - 17:16;109d.18h16m;3;RC/BLM /NO /NET/SG;-;;E;-;S
GRI MC VTA JM OTS;QUALIDADE;MT-05;RAL-350883/2026;10/06/2026 - 22:03;25d.12h31m;37;RT/VTA /MTN/FFA/FO;-;F196679;E;-;S
AMS ALM DIS S02 OTS;QUALIDADE;MT-99;RAL-355602/2026;12/06/2026 - 15:56;2d.22h17m;6;RT/PMJ /CO /NET/FO;-;;E;-;S
CXS VO TSA AN OTS;QUALIDADE;MT-05;RAL-355700/2026;12/06/2026 - 16:38;91d.17h31m;9;RC/SLS /CE /NET/SG;-;;E;-;S
CAU CH SDR IT OTS;QUALIDADE;MT-05;RAL-359663/2026;15/06/2026 - 14:46;102d.15h51m;12;RC/SDR /BA /NET/SG;-;;E;-;S
SWAP ALTAREDE MRC - NRI;QUALIDADE;FO-99;RAL-363360/2026;17/06/2026 - 01:18;103d.10h22m;3;RT/RJO /MTP/NET/FO;1;F196679;E;-;S
EUS BR IMJ BR OTS;QUALIDADE;MT-05;RAL-364247/2026;17/06/2026 - 11:09;61d.17h41m;12;RC/SDR /BA /NET/SG;-;;E;-;S
IMJ BR TAF BR OTS;QUALIDADE;MT-05;RAL-364264/2026;17/06/2026 - 11:11;39d.18h36m;9;RC/SDR /BA /NET/SG;-;;E;-;S
SWAP ALTAREDE XERE X MONS;QUALIDADE;MT-99;RAL-368503/2026;18/06/2026 - 18:07;101d.17h35m;3;RT/RJO /BX1/NET/FO;-;DAGOMES;E;-;S
BLM QB BLM SZ OTS;QUALIDADE;MD-11;RAL-370569/2026;19/06/2026 - 15:29;100d.20h12m;3;RC/BLM /NO /NET/SG;-;;E;-;S
BVS BR SID BR OTS;QUALIDADE;MD-11;RAL-370670/2026;19/06/2026 - 16:01;100d.18h15m;4;RC/BLM /NO /NET/SG;-;;E;-;S
NVODKB SIS KB OTS;QUALIDADE;MT-05;RAL-374930/2026;22/06/2026 - 13:37;97d.17h24m;3;RC/SLS /CE /NET/SG;-;;E;-;S
SID BR SLPAKB OTS;QUALIDADE;MD-11;RAL-375152/2026;22/06/2026 - 14:52;97d.03h01m;3;RC/BLM /NO /NET/SG;-;;E;-;S
NRI ITG RJO AM OTS;QUALIDADE;MT-05;RAL-375986/2026;22/06/2026 - 21:48;82d.21h55m;8;RT/RJO /MTP/NET/FO;-;F196679;E;-;S
BLA CR RIH H01 OTS;QUALIDADE;MD-11;RAL-376587/2026;23/06/2026 - 08:51;97d.02h52m;3;RC/SLS /CE /NET/SG;-;;E;-;S
ITZ RC PQIAFC OTS;QUALIDADE;MD-11;RAL-376875/2026;23/06/2026 - 10:11;96d.21h59m;3;RC/SLS /CE /NET/SG;-;;E;-;S
MES QV2 RJO EN OTS;QUALIDADE;MT-05;RAL-378264/2026;23/06/2026 - 17:34;88d.19h24m;7;RT/RJO /BX1/NET/FO;-;DAGOMES;E;-;S
RJO AM RJO HL OTS;QUALIDADE;MT-05;RAL-378603/2026;23/06/2026 - 22:23;81d.17h36m;7;RT/RJO /CZS/NET/FO;-;;E;-;S
SWAP MICRON INW - SWJ;QUALIDADE;MT-99;RAL-379365/2026;24/06/2026 - 09:39;96d.01h56m;3;RT/VTA /NOR/FFA/FO;-;F196679;E;-;S
RJO EN RJO NT0 OTS;QUALIDADE;MT-05;RAL-382912/2026;25/06/2026 - 14:06;20d.02h48m;22;RT/RJO /SU2/NET/FO;-;F196679;E;-;S
RJO AM TANGBR OTS;QUALIDADE;MT-05;RAL-383235/2026;25/06/2026 - 15:51;94d.18h23m;4;RT/RJO /MTP/NET/FO;-;F196679;E;-;S
SEZ KB URC KB OTS;QUALIDADE;MD-11;RAL-383291/2026;25/06/2026 - 16:13;93d.13h09m;4;RC/GNA /CO /NET/SG;-;;E;-;S
AMM ISO VTXUVIV OTS;QUALIDADE;MT-27;RAL-391100/2026;29/06/2026 - 18:30;90d.16h58m;4;RC/BLM /NO /NET/SG;-;;E;-;S
SWAP DEGRADAÇÃ V.TAL TIG;QUALIDADE;MT-99;RAL-395141/2026;01/07/2026 - 10:13;13d.04h12m;13;RT/FLA /CE /NET/FO;-;;E;-;S
SWAP VIVO ALX X ABI;QUALIDADE;MT-99;RAL-396246/2026;01/07/2026 - 16:06;49d.03h01m;12;RT/GNA /CO /NET/FO;-;;E;-;S
NZM INT RCE AM OTS;QUALIDADE;MT-05;RAL-396535/2026;01/07/2026 - 17:48;88d.16h51m;4;RC/RCE /NE /NET/SG;-;;E;-;S
RJO EN RJO NT0 OTS;QUALIDADE;MT-99;RAL-399218/2026;02/07/2026 - 17:25;67d.14h45m;21;RT/RJO /NO2/NET/FO;-;F196679;E;-;S
RJO EN RJO ST OTS;QUALIDADE;MT-99;RAL-399508/2026;02/07/2026 - 20:50;4d.20h13m;22;RT/RJO /NO2/NET/FO;2;;E;-;S
SMJ EBTLINSMJ 0EELINB1S;QUALIDADE;FO-01;RAL-404800/2026;06/07/2026 - 10:30;84d.00h15m;3;RT/VTA /NOR/FFA/FO;-;F196679;E;-;S
CRU CJV GUS 0EZ OTS;QUALIDADE;MT-05;RAL-405021/2026;06/07/2026 - 11:22;62d.18h26m;7;RC/RCE /NE /NET/SG;-;;E;-;S
CEM EP JML AL OTS;QUALIDADE;MT-05;RAL-405246/2026;06/07/2026 - 12:43;83d.21h44m;3;RC/BHE /ES /NET/SG;-;;E;-;S
MCO MS SJJ INT OTS;QUALIDADE;MT-05;RAL-406048/2026;06/07/2026 - 17:12;82d.18h29m;4;RC/MCO /NE /NET/SG;-;;E;-;S
SNO RF SSZ EL B40W;QUALIDADE;MT-27;RAL-411201/2026;08/07/2026 - 19:25;81d.16h17m;5;RC/CBA /CO /NET/SG;-;;E;-;S
SWAP TIM-GOIÂNIAXSENADORC;QUALIDADE;MT-99;RAL-414167/2026;10/07/2026 - 09:42;80d.01h53m;3;RT/GNA /CO /NET/FO;-;;E;-;S
PTS BR RJO EN OTS;QUALIDADE;MT-05;RAL-415287/2026;10/07/2026 - 16:32;79d.19h08m;3;RT/RJO /BX1/NET/FO;-;DAGOMES;E;-;S
IP RAN/RJ DQC91/RJ PET15;QUALIDADE;CL-05;RAL-416157/2026;11/07/2026 - 09:29;79d.02h01m;2;RT/RJO /BX1/NET/FO;-;DAGOMES;E;-;S
NRI S30LINNRI 0W4LINB1S;QUALIDADE;CB-99;RAL-422011/2026;14/07/2026 - 11:48;75d.23h59m;1;RT/RJO /MTP/NET/FO;-;F196679;E;-;S
CAVNMC VTA JM OTS;QUALIDADE;MT-27;RAL-425564/2026;15/07/2026 - 18:25;73d.19h53m;6;RC/RJO /AM /NET/SG;-;;E;-;S
SWAP ALTAREDE XERE - RJO;QUALIDADE;MT-99;RAL-427532/2026;16/07/2026 - 15:28;73d.20h15m;3;RT/RJO /BX1/NET/FO;-;DAGOMES;E;-;S
RJOCGDAGOLT01_RJCAG31_ P0;QUALIDADE;FO-05;RAL-427846/2026;16/07/2026 - 17:10;73d.18h30m;3;RT/RJO /OE1/NET/FO;1;F196679;E;-;S
CBU RD CPS CL OTS;QUALIDADE;MT-05;RAL-428156/2026;16/07/2026 - 20:55;30d.15h13m;17;RT/RJO /NOF/NET/FO;-;F196679;E;-;S
IZA BR VRD BV OTS;QUALIDADE;MT-05;RAL-428216/2026;16/07/2026 - 22:14;13d.04h29m;7;RC/RJO /AM /NET/SG;-;;E;-;S
RJO AM TANGBR B40W;QUALIDADE;MT-27;RAL-429486/2026;17/07/2026 - 10:41;72d.21h21m;3;RC/RJO /AM /NET/SG;-;;E;-;S
RJO AM RJO PE2 OTS;QUALIDADE;FO-01;RAL-429576/2026;17/07/2026 - 12:37;72d.22h54m;3;RT/RJO /NO3/PCS/FO;-;F196679;E;-;S
PERDA SUPERV: M3T10475.47;QUALIDADE;SV-02;RAL-434228/2026;20/07/2026 - 11:04;69d.23h37m;4;RT/RJO /NO3/PCS/FO;-;F196679;E;-;S
SWAP K2 MGB X VIMU;QUALIDADE;MT-99;RAL-437846/2026;21/07/2026 - 16:42;29d.19h36m;6;RT/RJO /SUF/NET/FO;-;F196679;E;-;S
SWAP V.TAL CRN - RIH;QUALIDADE;MT-99;RAL-439428/2026;22/07/2026 - 11:22;67d.23h59m;5;RC/SLS /CE /NET/SG;-;;E;-;S
SWAL ALTAREDE (SERP,RJO);QUALIDADE;MT-99;RAL-441003/2026;23/07/2026 - 00:31;67d.11h07m;3;RT/RJO /BX1/NET/FO;-;DAGOMES;E;-;S
SWAP V.TAL CNL - BCA;QUALIDADE;MT-99;RAL-442548/2026;23/07/2026 - 14:03;66d.21h06m;6;RT/CNL /AK /FFA/FO;-;;E;-;S
SWAP V.TAL BLA X SMN;QUALIDADE;MT-99;RAL-445492/2026;24/07/2026 - 15:30;65d.20h00m;5;RC/SLS /CE /NET/SG;-;;E;-;S
VTA DM VTA JM B10G;QUALIDADE;FO-01;RAL-450332/2026;27/07/2026 - 15:42;62d.20h01m;3;RT/VTA /MTN/FFA/FO;-;F196679;E;-;S
SWAP VIVO NRI X NRI;QUALIDADE;MT-99;RAL-453880/2026;28/07/2026 - 17:50;61d.17h46m;3;RT/RJO /MTP/NET/FO;-;F196679;E;-;S
SWAP VIVO SJB X CPS;QUALIDADE;MT-99;RAL-458856/2026;30/07/2026 - 10:11;9d.22h36m;20;RT/RJO /NOF/NET/FO;-;F196679;E;-;S
SWAP DEGRADAÇÃO VIVO IIG;QUALIDADE;MT-99;RAL-462627/2026;31/07/2026 - 13:17;58d.22h18m;3;RT/GVS /JK /FFA/FO;-;;E;-;S
IUB BR ULA MA B40W;QUALIDADE;MT-26;RAL-463302/2026;31/07/2026 - 15:36;58d.20h05m;7;RC/BHE /ES /NET/SG;-;;E;-;S
SWAP V.TAL ALX - SADD;QUALIDADE;MT-99;RAL-463423/2026;31/07/2026 - 16:02;58d.19h38m;3;RC/BSA /CO /NET/FO;-;;E;-;S
AGNPFC ITZ RC OTS;QUALIDADE;MT-05;RAL-467867/2026;03/08/2026 - 12:45;55d.18h24m;4;RC/SLS /CE /NET/SG;-;;E;-;S
SWAP V.TAL BHE X CNL;QUALIDADE;MT-99;RAL-471142/2026;04/08/2026 - 15:25;54d.20h07m;3;RT/BHE /ES /FFA/FO;-;;E;-;S
SWAP MICRON STA*SJM;QUALIDADE;MT-99;RAL-473018/2026;05/08/2026 - 10:57;54d.00h31m;3;RT/VTA /NOR/FFA/FO;-;F196679;E;-;S
RJO ENLINERJO 8LGLINB1S;QUALIDADE;MT-99;RAL-473682/2026;05/08/2026 - 13:31;53d.04h40m;11;RT/RJO /NO1/NET/FO;-;WGOMESA;E;-;S
SWAP DEGRAÇÃO V.TAL JOTB;QUALIDADE;MT-99;RAL-479701/2026;07/08/2026 - 14:19;51d.21h08m;3;RT/SLS /NO /MVA/FO;-;;E;-;S
RJO EN SERPBR B40W;QUALIDADE;FO-04;RAL-486121/2026;11/08/2026 - 09:15;47d.23h06m;4;RT/RJO /NO2/NET/FO;-;;E;-;S
RJOPNHACOLT01_RJPNH18_P02;QUALIDADE;FO-05;RAL-491561/2026;13/08/2026 - 07:36;46d.04h02m;3;RT/RJO /NO1/NET/FO;-;WGOMESA;E;-;S
RJOPNHABOLT01_RJPNH04_P02;QUALIDADE;FO-05;RAL-491576/2026;13/08/2026 - 07:47;46d.03h52m;3;RT/RJO /NO1/NET/FO;-;WGOMESA;E;-;S
SWAP VTAL CRT - LZA;QUALIDADE;MT-99;RAL-492526/2026;13/08/2026 - 12:57;34d.01h57m;8;RC/BSA /CO /NET/FO;-;;E;-;S
SWAP V.TAL VRD X QUEA;QUALIDADE;MT-99;RAL-492623/2026;13/08/2026 - 13:40;45d.21h56m;7;RT/RJO /SUF/NET/FO;-;F196679;E;-;S
ITZ RC PQIAFC OTS;QUALIDADE;MT-05;RAL-493389/2026;13/08/2026 - 17:26;14d.00h58m;11;RC/SLS /CE /NET/SG;-;;E;-;S
SWAP V.TAL FLA X SGA;QUALIDADE;MT-99;RAL-494083/2026;14/08/2026 - 04:08;45d.07h37m;3;RT/FLA /CE /NET/FO;-;;E;-;S
GNA RD JRG KB OTS;QUALIDADE;MT-05;RAL-496038/2026;14/08/2026 - 18:27;13d.21h46m;10;RT/GNA /CO /NET/FO;-;;E;-;S
PTS BR RJO EN OTS;QUALIDADE;MT-26;RAL-497049/2026;15/08/2026 - 11:26;44d.00h08m;4;RT/RJO /BX1/NET/FO;-;DAGOMES;E;-;S
FTM BR GUR BR OTS;QUALIDADE;MT-05;RAL-501526/2026;17/08/2026 - 21:45;41d.13h46m;5;RT/PMJ /CO /NET/FO;-;;E;-;S
SWAP DEGRADAÇÃO VIVO VIA;QUALIDADE;MT-99;RAL-504117/2026;18/08/2026 - 17:20;40d.18h21m;3;RT/VTA /MTS/FFA/FO;-;F196679;E;-;S
NODE B RJSJM28 X RJPAV09;QUALIDADE;CL-01;RAL-505353/2026;19/08/2026 - 09:36;40d.01h57m;2;RT/RJO /BX1/NET/FO;1;DAGOMES;E;-;S
ADMU_DQXNAS-01;QUALIDADE;SV-02;RAL-506583/2026;19/08/2026 - 15:23;38d.21h08m;12;RT/RJO /CZS/NET/FO;-;;E;-;S
SWAP V.TAL DEGRADAÇÃO SAM;QUALIDADE;MT-99;RAL-511275/2026;21/08/2026 - 11:03;38d.00h28m;3;RC/BSA /CO /NET/FO;-;;E;-;S
SWAP VIVO (BND,CPE);QUALIDADE;MT-99;RAL-518646/2026;24/08/2026 - 22:31;34d.13h13m;3;RT/CPE /CO /NET/FO;-;;E;-;S
SWAP VIVO DEGRAÇÃO SYW X;QUALIDADE;MT-99;RAL-523362/2026;26/08/2026 - 12:04;32d.23h23m;4;RT/CPE /CO /NET/FO;-;;E;-;S
25_RJOSLA-01;QUALIDADE;MT-99;RAL-529892/2026;28/08/2026 - 16:21;30d.19h22m;2;RT/RJO /CZS/NET/FO;-;;E;-;S
4ª VIA HUB CPG;QUALIDADE;FO-99;RAL-532581/2026;30/08/2026 - 15:42;28d.19h57m;3;RT/RJO /OE1/NET/FO;-;F196679;E;-;S
SWAP ALLOHA CCA - GRI;QUALIDADE;MT-99;RAL-533247/2026;31/08/2026 - 07:49;28d.03h47m;3;RT/VTA /MTS/FFA/FO;-;F196679;E;-;S
MGE C04 NRI MPA OTS;QUALIDADE;MT-05;RAL-535426/2026;31/08/2026 - 18:06;27d.17h26m;3;RT/RJO /BX1/NET/FO;-;DAGOMES;E;-;S
JPA LM JPA TR PROT;QUALIDADE;FO-05;RAL-536689/2026;01/09/2026 - 09:24;26d.02h39m;6;RT/JPA /NE /NET/FO;-;;E;-;S
SWAP VIVO - SANTA TERESA;QUALIDADE;MT-99;RAL-540501/2026;02/09/2026 - 12:29;25d.23h06m;3;RT/VTA /NOR/FFA/FO;-;F196679;E;-;S
RJO EN RJO ST OTS;QUALIDADE;MT-26;RAL-540530/2026;02/09/2026 - 12:36;25d.22h24m;4;RT/RJO /NO2/NET/FO;-;;E;-;S
SWAP VIVO DEGRADAÇÃO TRL;QUALIDADE;MT-99;RAL-542921/2026;03/09/2026 - 10:02;1d.02h10m;8;RT/RJO /SEF/NET/FO;-;;E;-;S
CNA CL2 GVS JK OTS;QUALIDADE;MT-26;RAL-543417/2026;03/09/2026 - 12:07;24d.21h30m;5;RT/VTA /NOR/FFA/FO;-;F196679;E;-;S
MNS UD0LINMNS 10CLINVC4S;QUALIDADE;MT-26;RAL-548454/2026;05/09/2026 - 03:57;23d.07h24m;3;RT/MNS /NO /NET/FO;-;;E;-;S
GVS JK IIG LV OTS;QUALIDADE;MT-27;RAL-549478/2026;05/09/2026 - 20:13;14d.02h14m;4;RC/BHE /ES /NET/SG;1;;E;-;S
GVS JK IIG LV OTS;QUALIDADE;MT-27;RAL-549492/2026;05/09/2026 - 20:36;14d.02h12m;4;RC/BHE /ES /NET/SG;-;;E;-;S
SWAP VTAL - HUMAITA X MAN;QUALIDADE;MT-99;RAL-553425/2026;08/09/2026 - 15:23;19d.19h27m;5;RT/MNS /NO /NET/FO;-;;E;-;S
CVZ LB MNS EM B40W;QUALIDADE;MT-05;RAL-555357/2026;09/09/2026 - 10:26;18d.23h40m;3;RT/MNS /NO /NET/FO;-;;E;-;S
SWAP V.TAL TSA X CRA;QUALIDADE;MT-99;RAL-556809/2026;09/09/2026 - 17:18;18d.18h15m;3;RT/TSA /CE /NET/FO;-;;E;-;S
SWAP K2 DEGRADAÇÃO SMJ X;QUALIDADE;MT-99;RAL-558820/2026;10/09/2026 - 11:49;17d.23h43m;3;RT/VTA /NOR/FFA/FO;-;F196679;E;-;S
SWAP VIVO GRI X VVA;QUALIDADE;MT-99;RAL-562498/2026;11/09/2026 - 15:42;16d.20h00m;3;RT/VTA /MTS/FFA/FO;-;F196679;E;-;S
CPE CMLINECPE 8NALINB0480;QUALIDADE;MT-26;RAL-563033/2026;11/09/2026 - 18:40;12d.16h33m;6;RT/CPE /CO /NET/FO;-;;E;-;S
PEERING RJOXMESQ ROTA 01;QUALIDADE;FO-99;RAL-564139/2026;12/09/2026 - 10:55;16d.00h43m;3;RT/RJO /BX1/NET/FO;1;DAGOMES;E;-;S
DM4270_DQXC91-02 TE1/1/1;QUALIDADE;CD-99;RAL-566211/2026;14/09/2026 - 06:51;14d.04h25m;5;RT/RJO /BX1/NET/FO;-;DAGOMES;E;-;S
SWAP BRDIGITAL BND X CPE;QUALIDADE;MT-05;RAL-568109/2026;14/09/2026 - 17:19;13d.18h23m;3;RT/CPE /CO /NET/FO;-;;E;-;S
JPI FA PEE JB OTS;QUALIDADE;MT-05;RAL-570959/2026;15/09/2026 - 17:50;11d.23h52m;6;RC/BHE /ES /NET/SG;-;;E;-;S
RJO 1SG RJO 1SG LU;QUALIDADE;MT-08;RAL-572169/2026;16/09/2026 - 09:44;10d.05h07m;9;RT/RJO /NO3/PCS/FO;-;;E;-;S
FSA SC5 SDR IT OTS;QUALIDADE;MT-05;RAL-573627/2026;16/09/2026 - 16:34;11d.19h01m;3;RC/SDR /BA /NET/SG;-;;E;-;S
SDR IT SOCERL OTS;QUALIDADE;MT-05;RAL-573757/2026;16/09/2026 - 17:03;11d.18h36m;3;RC/SDR /BA /NET/SG;-;;E;-;S
CTUJ0DY PDP BR OTS;QUALIDADE;MT-99;RAL-574113/2026;16/09/2026 - 19:43;11d.15h47m;4;RT/GVS /JK /FFA/FO;-;;E;-;S
BRK BJ FLA PV OTS;QUALIDADE;MT-05;RAL-576957/2026;17/09/2026 - 18:31;9d.23h12m;4;RT/FLA /CE /NET/FO;-;;E;-;S
VTA JM VTA PTB OTS;QUALIDADE;MT-04;RAL-578465/2026;18/09/2026 - 11:31;9d.23h58m;3;RT/VTA /MTN/FFA/FO;-;F196679;E;-;S
ARI KM IDM ER OTS;QUALIDADE;MT-05;RAL-579544/2026;18/09/2026 - 16:46;6d.14h37m;6;RC/BHE /ES /NET/SG;-;;E;-;S
GVS JK IIG LV OTS;QUALIDADE;MT-05;RAL-581063/2026;19/09/2026 - 15:46;8d.01h56m;4;RC/BHE /ES /NET/SG;-;;E;-;S
CLV FS CLV 0ED OTS;QUALIDADE;CB-99;RAL-582256/2026;20/09/2026 - 14:29;7d.21h09m;3;RC/GNA /CO /NET/SG;-;;E;-;S
SWAP V.TAL - EUS X PGU;QUALIDADE;MT-99;RAL-582526/2026;20/09/2026 - 19:15;7d.16h17m;3;RT/ITB /BR /SUL/FO;-;;E;-;S
NODE B/RJ DQC85/RJ DQC63;QUALIDADE;CL-05;RAL-584638/2026;21/09/2026 - 13:10;6d.22h30m;2;RT/RJO /BX1/NET/FO;-;DAGOMES;E;-;S
SEZ KB TLMAKB OTS;QUALIDADE;MT-05;RAL-585689/2026;21/09/2026 - 17:39;6d.02h18m;6;RT/PMJ /CO /NET/FO;-;;E;-;S
SEZ KB TLMAKB OTS;QUALIDADE;MT-05;RAL-585689/2026;21/09/2026 - 17:39;4d.02h29m;9;RT/GNA /CO /NET/FO;-;;E;-;S
SWAP VIVO AMA X IGGR;QUALIDADE;MT-99;RAL-588907/2026;22/09/2026 - 16:53;5d.18h45m;3;RT/RJO /LGS/NET/FO;-;;E;-;S
CIM UPHLINIEM 0E2LINVC4S;QUALIDADE;FO-01;RAL-589253/2026;22/09/2026 - 19:46;5d.15h57m;2;RT/VTA /SUL/FFA/FO;-;F196679;E;-;S
SWAP CCA X VVA;QUALIDADE;MT-99;RAL-590359/2026;23/09/2026 - 10:46;5d.00h43m;3;RT/VTA /MTS/FFA/FO;-;F196679;E;-;S
SWAP VIVO RRR*CPE;QUALIDADE;MT-99;RAL-590577/2026;23/09/2026 - 11:45;4d.23h44m;3;RT/CPE /CO /NET/FO;-;;E;-;S
IUB PM RVD FL OTS;QUALIDADE;MT-27;RAL-590889/2026;23/09/2026 - 13:30;4d.22h13m;4;RT/GNA /CO /NET/FO;-;;E;-;S
AGNPFC CRN CAR OTS;QUALIDADE;CB-99;RAL-593250/2026;24/09/2026 - 09:28;4d.02h10m;3;RT/SLS /NO /MVA/FO;-;;E;-;S
CBACBAAFOLT01;QUALIDADE;FO-01;RAL-593922/2026;24/09/2026 - 11:52;2d.18h31m;4;RT/CBA /CO /NET/FO;-;;E;-;S
ALH TPY ESA INT OTS;QUALIDADE;MT-05;RAL-593977/2026;24/09/2026 - 12:04;2d.23h57m;8;RC/SDR /BA /NET/SG;-;;E;-;S
BSBPLTAEOLT01;QUALIDADE;FO-01;RAL-595526/2026;24/09/2026 - 22:44;3d.13h02m;2;RC/BSA /CO /NET/FO;-;;E;-;S
LINK AME X PAM;QUALIDADE;FO-99;RAL-597364/2026;25/09/2026 - 13:33;2d.22h07m;3;RT/BHE /ES /FFA/FO;-;;E;-;S
SWAP 67 TELECOM CPE X ANH;QUALIDADE;MT-99;RAL-597405/2026;25/09/2026 - 13:46;2d.21h53m;3;RT/CPE /CO /NET/FO;-;;E;-;S
WAP ALLOHA PIBT X RJO;QUALIDADE;CT-99;RAL-598376/2026;25/09/2026 - 19:58;2d.15h47m;3;RT/RJO /BX1/NET/FO;1;DAGOMES;E;-;S
VCA 0IFLINVCA 0K8LINVC4S;QUALIDADE;MT-26;RAL-600274/2026;27/09/2026 - 10:07;1d.01h14m;3;RT/VCA /TN /SUL/FO;-;;E;-;S
NODE B APSQA02 X APMPA91;QUALIDADE;CB-99;RAL-601574/2026;28/09/2026 - 07:41;0d.04h05m;2;RT/MPA /NO /NET/FO;-;;E;-;S
ATENUAÇÃO RRVIV01 X RRBVA;QUALIDADE;CB-99;RAL-601912/2026;28/09/2026 - 09:40;0d.02h01m;2;RT/BVA /NO /NET/FO;-;;E;-;S
NODE B/RJ SJM19/RJ DQC64(;QUALIDADE;FO-05;RAL-602093/2026;28/09/2026 - 10:18;0d.01h27m;2;RT/RJO /BX1/NET/FO;1;DAGOMES;E;-;S
