ID;Prioridade;Num.Recup.;Cliente;Designação;Abertura;CF Exec.;Resp.;Técnico;Cluster;Cidade;Region;Type
1;48740;REC-558252/2026;MESSER GASES;CEM/IP/05477;10/09/2026 09:25;RT/BHE /ES /FFA/FO;C;;MINAS GERAIS;BELO HORIZONTE;BELO HORIZONTE;Retirada (RT)
2;46320;REC-524124/2026;PRODERJ;RJO/IP/43362;26/08/2026 15:59;RC/RJO /NO2/NET/BS;E;;RIO DE JANEIRO;NORTE 2;NORTE 2;Recuperação (RC)
3;37380;REC-539091/2026;IMIFARMA;RCE/IP/20605;02/09/2026 00:25;RT/RCE /NE /NET/FO;C;;NORDESTE;RECIFE;RECIFE;Retirada (RT)
4;36480;REC-540981/2026;MDCOMUNICACOES;RJO/IP/42476;02/09/2026 14:56;RC/RJO /NO2/NET/BS;E;;RIO DE JANEIRO;NORTE 2;NORTE 2;Recuperação (RC)
5;26340;REC-599699/2026;DASA_1;VAZ/IP/01536;26/09/2026 18:16;RC/CBA /CO /NET/BS;E;LESANPS;CENTRO OESTE;CUIABA;CUIABA;Recuperação (RC)
6;22170;REC-587720/2026;FERMA R;VLN/PVN/9421013700;22/09/2026 11:56;RT/MBA /QE /ETG/FO;C;;NORTE;MARABÁ;MARABÁ;Retirada (RT)
7;21180;REC-600106/2026;VERIZON;RJO ODL/SPO MB/DP*V/0001;27/09/2026 06:27;RT/RJO /SU2/NET/FO;E;;RIO DE JANEIRO;CENTRO SUL;CENTRO SUL;Retirada (RT)
8;20790;REC-594509/2026;VLR 122811431;2732020130;24/09/2026 14:54;RT/VTA /MTS/FFA/FO;C;;ESPIRITO SANTO;VITORIA;VITORIA;Retirada (RT)
9;19190;REC-585290/2026;SEMED;VLN/PVN/7134934306;21/09/2026 15:46;RT/SDR /BA /JL /AD;E;;BAHIA/SERGIPE;SALVADOR;SALVADOR;Retirada (RT)
10;12460;REC-587024/2026;ECT;SMJ/IP/00120;22/09/2026 09:10;RT/VTA /NOR/FFA/FO;E;ALINELA;ESPIRITO SANTO;VITORIA;VITORIA;Retirada (RT)
11;9800;REC-596543/2026;VLR 146576655;MNS/IP/08208;25/09/2026 10:08;RT/MNS /NO /NET/FO;C;;NORTE;MANAUS;MANAUS;Retirada (RT)
12;6480;REC-600211/2026;CEF;PAE 34W/BSA ZAF/DP*V/0010;27/09/2026 09:08;RT/BHE /ES /FFA/FO;E;;MINAS GERAIS;BELO HORIZONTE;BELO HORIZONTE;Retirada (RT)
13;6380;REC-600883/2026;TELMEX BRASIL;7631052750;27/09/2026 19:51;DP/BHE /ES /NET/BS;E;;MINAS GERAISTE;DESPACHO (DP);DESPACHO (DP);Despacho (DP)
14;5600;REC-595020/2026;VIA VAREJO;ROI/IP/00699;24/09/2026 16:59;RT/CBA /CO /NET/FO;C;;CENTRO OESTE;CUIABA;CUIABA;Retirada (RT)
15;5020;REC-599744/2026;TIM S A;ACL TM/CPE 0TM/DPDV/0001;26/09/2026 19:19;RT/CPE /CO /NET/FO;E;;CENTRO OESTE;CAMPO GRANDE;CAMPO GRANDE;Retirada (RT)
16;4720;REC-596495/2026;CEF;ROI/IP/01266;25/09/2026 09:50;RT/CBA /CO /NET/FO;C;;CENTRO OESTE;CUIABA;CUIABA;Retirada (RT)
17;4620;REC-596561/2026;MPMT;AFL/IP/00171;25/09/2026 10:12;RT/CBA /CO /NET/FO;C;;CENTRO OESTE;CUIABA;CUIABA;Retirada (RT)
18;4580;REC-596401/2026;TEC BANCARIA;MNS/IP/03444;25/09/2026 09:28;RT/MNS /NO /NET/FO;C;;NORTE;MANAUS;MANAUS;Retirada (RT)
19;4200;REC-598150/2026;TELMEX BRASIL;CBA/IP/04702;25/09/2026 17:32;RT/CBA /CO /NET/FO;C;;CENTRO OESTE;CUIABA;CUIABA;Retirada (RT)
20;4200;REC-597922/2026;BKBRASIL;GNA/IP/03755;25/09/2026 16:24;RT/GNA /CO /NET/FO;C;;CENTRO OESTE;GOIÂNIA;GOIÂNIA;Retirada (RT)
21;3280;REC-596852/2026;BPPL;SDR/IP/33965;25/09/2026 11:18;MU/SDR /BA /MDU/BS;E;;BAHIA/SERGIPE;DESPACHO (DP);DESPACHO (DP);Despacho (DP)
22;3110;REC-601856/2026;GRAFISA LTDA;VLN/PVN/9221011200;28/09/2026 09:30;RT/MNS /NO /NET/AD;E;;NORTE;MANAUS;MANAUS;Retirada (RT)
23;3020;REC-599276/2026;TEC BANCARIA;CUC/IP/00496;26/09/2026 12:12;RT/FLA /CE /NET/FO;C;;NORDESTE;FORTALEZA;FORTALEZA;Retirada (RT)
24;2840;REC-599731/2026;CEF;CAW/IP/00111;26/09/2026 19:06;RT/GNA /CO /NET/FO;E;;CENTRO OESTE;GOIÂNIA;GOIÂNIA;Retirada (RT)
25;2580;REC-599857/2026;BKBRASIL;ANS/IP/00750;26/09/2026 21:15;RT/GNA /CO /NET/FO;C;;CENTRO OESTE;GOIÂNIA;GOIÂNIA;Retirada (RT)
26;2560;REC-601783/2026;JBS S/A;6821065106;28/09/2026 09:12;RT/RBO /CO /NET/FO;E;;CENTRO OESTE;RIO BRANCO;RIO BRANCO;Retirada (RT)
27;1240;REC-601114/2026;PAGUEMENOSFAR;BVA/IP/01413;28/09/2026 00:46;RT/BVA /NO /NET/FO;E;;NORTE;BOA VISTA;BOA VISTA;Retirada (RT)
28;1160;REC-601113/2026;SERPRO;BVA 0R6/MPA GG/DP*V/0001;28/09/2026 00:44;RT/BVA /NO /NET/FO;E;;NORTE;BOA VISTA;BOA VISTA;Retirada (RT)
29;960;REC-601388/2026;ITAU;CCA/IP/02395;28/09/2026 04:21;RT/VTA /MTS/FFA/FO;E;;ESPIRITO SANTO;VITORIA;VITORIA;Retirada (RT)
30;860;REC-601135/2026;NORTEDISTRIBU;BVA/IP/01336;28/09/2026 01:23;RT/BVA /NO /NET/FO;E;;NORTE;BOA VISTA;BOA VISTA;Retirada (RT)
31;860;REC-601101/2026;BEMOL;BVA/IP/01259;28/09/2026 00:34;RT/BVA /NO /NET/FO;E;;NORTE;BOA VISTA;BOA VISTA;Retirada (RT)
32;800;REC-602421/2026;SEFAZ-DF;BSA/IP/28326;28/09/2026 11:48;RC/BSA /CO /NET/FO;E;;CENTRO OESTE;BRASILIA;BRASILIA;Recuperação (RC)
33;740;REC-602314/2026;BCO BRASIL;RBT/IP/00203;28/09/2026 11:17;RT/RJO /MTP/NET/FO;E;;RIO DE JANEIRO;METROPOLITANA;METROPOLITANA;Retirada (RT)
34;740;REC-601559/2026;MOVIDA;RCE/IP/21358;28/09/2026 07:28;RC/RCE /NE /NET/FO;E;;NORDESTE;RECIFE;RECIFE;Recuperação (RC)
35;710;REC-602301/2026;CEDOA;VLN/PVN/9232126000;28/09/2026 11:15;RT/MNS /NO /NET/AD;E;;NORTE;MANAUS;MANAUS;Retirada (RT)
36;640;REC-601562/2026;PAMCARY GPS L;VLN/PVN/6227648950;28/09/2026 07:32;RT/GNA /CO /NET/AD;E;;CENTRO OESTE;GOIÂNIA;GOIÂNIA;Retirada (RT)
37;620;REC-601565/2026;ECODIESEL;SRIA/IP/00001;28/09/2026 07:34;RT/CBA /CO /NET/FO;E;;CENTRO OESTE;CUIABA;CUIABA;Retirada (RT)
38;600;REC-602579/2026;DASA_1;SMI/IP/06114;28/09/2026 12:25;RT/RJO /BX1/NET/FO;E;;RIO DE JANEIRO;BAIXADA;BAIXADA;Retirada (RT)
39;600;REC-601941/2026;BCO BRASIL;BLI/IP/00125;28/09/2026 09:45;RT/RBO /CO /NET/FO;E;;CENTRO OESTE;RIO BRANCO;RIO BRANCO;Retirada (RT)
40;580;REC-601994/2026;TELMEX BRASIL;SDR/IP/33945;28/09/2026 09:57;MU/SDR /BA /MDU/BS;E;;BAHIA/SERGIPE;DESPACHO (DP);DESPACHO (DP);Despacho (DP)
41;560;REC-602052/2026;CEF;BSA B27/CAS 34V/DP*V/0001;28/09/2026 10:08;RT/BHE /ES /FFA/FO;E;;MINAS GERAIS;BELO HORIZONTE;BELO HORIZONTE;Retirada (RT)
42;540;REC-602216/2026;CEF;CEM MUC/BSA ZAF/DP*V/0002;28/09/2026 10:53;RT/BHE /ES /FFA/FO;E;;MINAS GERAIS;BELO HORIZONTE;BELO HORIZONTE;Retirada (RT)
43;540;REC-601795/2026;CEF;ROI/IP/01296;28/09/2026 09:14;RT/CBA /CO /NET/FO;E;;CENTRO OESTE;CUIABA;CUIABA;Retirada (RT)
44;520;REC-602151/2026;CEF;SPB KAG/BSA 3E4/DP*V/0002;28/09/2026 10:34;RT/BHE /ES /FFA/FO;E;;MINAS GERAIS;BELO HORIZONTE;BELO HORIZONTE;Retirada (RT)
45;520;REC-602104/2026;BCO BRASIL;SDH/IP/00109;28/09/2026 10:21;RT/SLS /NO /MVA/FO;E;;NORTE;SÃO LUÍS;SÃO LUÍS;Recuperação (RC)
46;520;REC-601874/2026;CEF;CAS 34V/BSA ZAF/DP*V/0002;28/09/2026 09:33;RT/BHE /ES /FFA/FO;E;;MINAS GERAIS;BELO HORIZONTE;BELO HORIZONTE;Retirada (RT)
47;500;REC-601973/2026;NAV BRASIL;MCE/IP/03723;28/09/2026 09:54;RT/RJO /NOF/NET/FO;E;;RIO DE JANEIRO;NORTE FLUMINENSE;NORTE FLUMINENSE;Retirada (RT)
48;500;REC-601757/2026;BRADESCO;2121742630;28/09/2026 09:01;RT/RJO /BX1/NET/FO;E;;RIO DE JANEIRO;BAIXADA;BAIXADA;Retirada (RT)
49;480;REC-602605/2026;ATACADAO;CBA/IP/05356;28/09/2026 12:32;RT/CBA /CO /NET/FO;E;;CENTRO OESTE;CUIABA;CUIABA;Retirada (RT)
50;480;REC-602390/2026;HONORIO PARPV;9832441205;28/09/2026 11:40;RT/SLS /NO /MVA/FO;E;;NORTE;SÃO LUÍS;SÃO LUÍS;Recuperação (RC)
51;480;REC-601755/2026;JUCERR;BVA/IP/00765;28/09/2026 09:00;RT/BVA /NO /NET/FO;E;;NORTE;BOA VISTA;BOA VISTA;Retirada (RT)
52;460;REC-602557/2026;ECT;SPO V1K/BSA BN/DP*V/0004;28/09/2026 12:16;RT/BHE /ES /FFA/FO;E;;MINAS GERAIS;BELO HORIZONTE;BELO HORIZONTE;Retirada (RT)
53;460;REC-602547/2026;CEF;PAE 34W/BSA ZAF/DP*V/0008;28/09/2026 12:14;RT/BHE /ES /FFA/FO;E;;MINAS GERAIS;BELO HORIZONTE;BELO HORIZONTE;Retirada (RT)
54;460;REC-602038/2026;BCO BRASIL;TBRA/IP/00012;28/09/2026 10:03;RT/CBA /CO /NET/FO;E;;CENTRO OESTE;CUIABA;CUIABA;Retirada (RT)
55;440;REC-602409/2026;25043560;CTL/IP/00750;28/09/2026 11:46;RT/GNA /CO /NET/FO;E;;CENTRO OESTE;GOIÂNIA;GOIÂNIA;Retirada (RT)
56;440;REC-602382/2026;SAFEMEDIC;RCE/IP/20347;28/09/2026 11:36;RT/RCE /NE /NET/FO;E;;NORDESTE;RECIFE;RECIFE;Retirada (RT)
57;440;REC-602260/2026;JJ GC;RCE/IP/21236;28/09/2026 11:04;RT/RCE /NE /NET/FO;E;;NORDESTE;RECIFE;RECIFE;Retirada (RT)
58;440;REC-601969/2026;ITAU;CZV/IP/00153;28/09/2026 09:53;RT/CBA /CO /NET/FO;E;;CENTRO OESTE;CUIABA;CUIABA;Retirada (RT)
59;440;REC-601805/2026;ECT;DQR/IP/00001;28/09/2026 09:19;RT/SLS /NO /MVA/FO;E;;NORTE;SÃO LUÍS;SÃO LUÍS;Recuperação (RC)
60;420;REC-602989/2026;MIN JUSTICA;MNS/IP/06451;28/09/2026 14:38;DP/MNS /NO /NET/FO;E;;NORTE;DESPACHO (DP);DESPACHO (DP);Despacho (DP)
61;420;REC-601825/2026;ECT;RJO/IP/39970;28/09/2026 09:24;RT/RJO /NO3/PCS/FO;E;;RIO DE JANEIRO;NORTE 3;NORTE 3;Retirada (RT)
62;400;REC-602480/2026;TELMEX BRASIL;GNA/IP/07320;28/09/2026 12:02;RC/GNA /RD /NET/BS;E;LESANPS;CENTRO OESTE;GOIÂNIA;GOIÂNIA;Recuperação (RC)
63;380;REC-602781/2026;RJO SME;RJO/IP/41308;28/09/2026 13:27;RT/RJO /NO1/NET/FO;E;;RIO DE JANEIRO;NORTE 1;NORTE 1;Retirada (RT)
64;380;REC-602582/2026;DROG ROSARIO;BSA/IP/31746;28/09/2026 12:26;RC/BSA /CO /NET/FO;E;;CENTRO OESTE;BRASILIA;BRASILIA;Recuperação (RC)
65;380;REC-602028/2026;ECT;MCW/IP/01668;28/09/2026 10:01;RT/FLA /CE /NET/FO;E;;NORDESTE;FORTALEZA;FORTALEZA;Retirada (RT)
66;380;REC-601984/2026;AVCO;MCW/IP/01362;28/09/2026 09:55;RT/FLA /CE /NET/FO;E;;NORDESTE;FORTALEZA;FORTALEZA;Retirada (RT)
67;380;REC-601797/2026;POLIPECAS-AUT;GNA/IP/04709;28/09/2026 09:15;RT/GNA /CO /NET/FO;E;;CENTRO OESTE;GOIÂNIA;GOIÂNIA;Retirada (RT)
68;360;REC-602741/2026;BKBRASIL;BLM/IP/06295;28/09/2026 13:18;RC/BLM /NO /NET/BS;E;LESANPS;NORTE;BELEM;BELEM;Recuperação (RC)
69;360;REC-602709/2026;BCO BRASIL;IEB/IP/00132;28/09/2026 13:08;RT/FSA / /NOR/FO;E;;BAHIA/SERGIPE;FEIRA DE SANTANA;FEIRA DE SANTANA;Retirada (RT)
70;360;REC-602615/2026;TRE MG;CIT/IP/00117;28/09/2026 12:37;RT/BHE /ES /FFA/FO;E;;MINAS GERAIS;BELO HORIZONTE;BELO HORIZONTE;Retirada (RT)
71;360;REC-602059/2026;AGRO AMAZONIA;SDN/IP/00174;28/09/2026 10:10;RT/CPE /CO /NET/FO;E;;CENTRO OESTE;CAMPO GRANDE;CAMPO GRANDE;Retirada (RT)
72;360;REC-602062/2026;POLIPECAS-AUT;6240062500;28/09/2026 10:10;RT/GNA /CO /NET/FO;E;;CENTRO OESTE;GOIÂNIA;GOIÂNIA;Retirada (RT)
73;360;REC-601981/2026;TELMEX BRASIL;FMA/IP/00187;28/09/2026 09:55;RT/BHE /ES /FFA/FO;E;;MINAS GERAIS;BELO HORIZONTE;BELO HORIZONTE;Retirada (RT)
74;340;REC-602331/2026;CEF;BJE/IP/00116;28/09/2026 11:23;RT/GNA /CO /NET/FO;E;;CENTRO OESTE;GOIÂNIA;GOIÂNIA;Retirada (RT)
75;340;REC-602025/2026;41354456;BVA/IP/01334;28/09/2026 10:01;RT/BVA /NO /NET/FO;E;;NORTE;BOA VISTA;BOA VISTA;Retirada (RT)
76;320;REC-602187/2026;MPMT;TBRA/IP/00011;28/09/2026 10:43;RT/CBA /CO /NET/FO;E;;CENTRO OESTE;CUIABA;CUIABA;Retirada (RT)
77;320;REC-602169/2026;SOLDI;ROI/IP/00696;28/09/2026 10:39;RT/CBA /CO /NET/FO;E;;CENTRO OESTE;CUIABA;CUIABA;Retirada (RT)
78;320;REC-601992/2026;POLIPECAS-AUT;GNA/IP/00709;28/09/2026 09:57;RT/GNA /CO /NET/FO;E;;CENTRO OESTE;GOIÂNIA;GOIÂNIA;Retirada (RT)
79;300;REC-603136/2026;BRINKS;CIM/IP/01633;28/09/2026 15:14;DP/VTA /JM /NET/FO;E;;ESPIRITO SANTO;DESPACHO (DP);DESPACHO (DP);Despacho (DP)
80;300;REC-603034/2026;CSB;RJO/IP/40091;28/09/2026 14:49;RC/RJO /CZS/NET/BS;E;;RIO DE JANEIRO;NORTE 3;NORTE 3;Recuperação (RC)
81;300;REC-602778/2026;RJO SME;RJO/IP/21594;28/09/2026 13:27;RT/RJO /SU2/NET/FO;E;;RIO DE JANEIRO;CENTRO SUL;CENTRO SUL;Retirada (RT)
82;300;REC-602734/2026;PROMIL;MNS/IP/07996;28/09/2026 13:14;RT/MNS /NO /NET/FO;E;;NORTE;MANAUS;MANAUS;Retirada (RT)
83;280;REC-602728/2026;TELMEX BRASIL;SDR/IP/33024;28/09/2026 13:14;RT/SDR /BA /JL /FO;E;;BAHIA/SERGIPE;SALVADOR;SALVADOR;Retirada (RT)
84;260;REC-602782/2026;BA CATERING;SDR/IP/33220;28/09/2026 13:27;RT/SDR /BA /JL /FO;E;;BAHIA/SERGIPE;SALVADOR;SALVADOR;Retirada (RT)
85;240;REC-602940/2026;TELMEX BRASIL;CRM/IP/00120;28/09/2026 14:25;RT/BHE /ES /FFA/FO;E;;MINAS GERAIS;BELO HORIZONTE;BELO HORIZONTE;Retirada (RT)
86;240;REC-602866/2026;AGU;VTA/IP/07562;28/09/2026 14:01;RT/VTA /MTN/FFA/FO;E;;ESPIRITO SANTO;VITORIA;VITORIA;Retirada (RT)
87;240;REC-602826/2026;SANTANDER;MNC/IP/00217;28/09/2026 13:47;RT/GVS /JK /FFA/FO;E;;MINAS GERAIS;GOVERNADOR VALADARES;GOVERNADOR VALADARES;Retirada (RT)
88;220;REC-603186/2026;TEC BANCARIA;MNS/IP/07356;28/09/2026 15:25;DP/MNS /NO /NET/FO;E;;NORTE;DESPACHO (DP);DESPACHO (DP);Despacho (DP)
89;220;REC-602974/2026;SEFAZ-DF;BSA/IP/27130;28/09/2026 14:34;RC/BSA /CO /NET/FO;E;;CENTRO OESTE;BRASILIA;BRASILIA;Recuperação (RC)
90;220;REC-602938/2026;SEFAZ-DF;BSA/IP/27267;28/09/2026 14:25;RC/BSA /CO /NET/FO;E;;CENTRO OESTE;BRASILIA;BRASILIA;Recuperação (RC)
91;200;REC-603039/2026;NESTLE;CEM/IP/06007;28/09/2026 14:50;RT/BHE /ES /FFA/FO;E;;MINAS GERAIS;BELO HORIZONTE;BELO HORIZONTE;Retirada (RT)
92;200;REC-603001/2026;ECT;CIM/IP/01604;28/09/2026 14:39;RT/VTA /MTS/FFA/FO;E;;ESPIRITO SANTO;VITORIA;VITORIA;Retirada (RT)
93;180;REC-603150/2026;ITAU;SDR/IP/33144;28/09/2026 15:17;RT/SDR /BA /JL /FO;E;;BAHIA/SERGIPE;SALVADOR;SALVADOR;Retirada (RT)
94;160;REC-603145/2026;HYPERA;CEM/IP/05515;28/09/2026 15:15;RT/BHE /ES /FFA/FO;E;;MINAS GERAIS;BELO HORIZONTE;BELO HORIZONTE;Retirada (RT)
95;160;REC-603125/2026;CARNEIRO CASA;PCS/IP/00477;28/09/2026 15:12;RT/PCS /MHT/FFA/FO;E;;MINAS GERAIS;POCO DE CALDAS;POCO DE CALDAS;Retirada (RT)
96;120;REC-603272/2026;TELMEX BRASIL;AIU/IP/02195;28/09/2026 15:37;DP/BLM /NO /NET/FO;E;;NORTE;DESPACHO (DP);DESPACHO (DP);Despacho (DP)
97;120;REC-603242/2026;DECATHLON;CEM/IP/05578;28/09/2026 15:34;RT/BHE /ES /FFA/FO;E;;MINAS GERAIS;BELO HORIZONTE;BELO HORIZONTE;Retirada (RT)
