Designação;Tipo Ral;Anorm.;Num.Recup.;Abertura;Duração;Item;CF Exec.;Ass.;Técn.;Resp.;Anatel;Prejuízo;Cluster;Cidade;Region;Type
SLS US STY FB OTS;FOTÔNICA;MT-26;RAL-20385/2026;12/01/2026 - 11:15;207d.20h51m;4;RC/SLS /CE /NET/SG;1;;E;-;C;NORTE;SÃO LUÍS;SÃO LUÍS;Recuperação (RC)
RJO EN SERPBR OTS;FOTÔNICA;MT-26;RAL-484940/2026;10/08/2026 - 16:54;9d.21h26m;18;RT/RJO /BX1/NET/FO;17;;E;-;C;RIO DE JANEIRO;BAIXADA;BAIXADA;Retirada (RT)
PTS BR RJO EN OTS;FOTÔNICA;MT-26;RAL-575946/2026;17/09/2026 - 12:52;4d.13h49m;15;RT/RJO /BX1/NET/FO;11;;E;-;C;RIO DE JANEIRO;BAIXADA;BAIXADA;Retirada (RT)
PTS BR TRL 0E8 OTS;FOTÔNICA;MT-26;RAL-575950/2026;17/09/2026 - 12:54;10d.18h38m;11;RT/RJO /SEF/NET/FO;-;;E;-;C;RIO DE JANEIRO;SERRA;SERRA;Retirada (RT)
RUP CABO OPTICO RJOAM-RJO;FOTÔNICA;CB-02;RAL-601636/2026;28/09/2026 - 08:16;0d.00h20m;3;RT/RJO /CZS/NET/FO;1;;E;-;C;RIO DE JANEIRO;NORTE 3;NORTE 3;Retirada (RT)
BVS BR CPN CZ OTS;BACKBONE;MT-27;RAL-605016/2025;01/10/2025 - 16:17;361d.16h29m;4;RC/BLM /NO /NET/SG;3;;E;-;C;NORTE;BELÉM;BELÉM;Recuperação (RC)
BLM QB CAH BR OTS;BACKBONE;CB-99;RAL-443256/2026;23/07/2026 - 17:37;66d.15h17m;3;RC/BLM /NO /NET/SG;-;;E;-;C;NORTE;BELÉM;BELÉM;Recuperação (RC)
RUP CABO 12 CVZLB-MNSEM;BACKBONE;CB-02;RAL-509489/2026;20/08/2026 - 15:24;38d.17h39m;4;RT/CVZ /LB /NET/FO;-;;E;-;C;ESPIRITO SANTO;CACHOEIRO DE ITAPEMIRIM;CACHOEIRO DE ITAPEMIRIM;Retirada (RT)
CBU RD MCE CV B40W;BACKBONE;MT-27;RAL-581802/2026;20/09/2026 - 08:00;1d.03h10m;35;RT/RJO /NOF/NET/FO;12;;E;-;C;RIO DE JANEIRO;NORTE FLUMINENSE;NORTE FLUMINENSE;Retirada (RT)
IP RAN/PA BCN01/PA MOJ01;BACKBONE;CD-99;RAL-588948/2026;22/09/2026 - 17:10;0d.21h42m;15;RT/BLM /NO /ETG/FO;-;;E;-;C;NORTE;BELÉM;BELÉM;Recuperação (RC)
SPIA0DY XGA CL1 OTS;BACKBONE;MT-27;RAL-597097/2026;25/09/2026 - 12:13;0d.08h39m;12;RT/BLM /NO /NET/FO;-;;E;-;C;NORTE;BELEM;BELEM;Retirada (RT)
MESQV2E RJO AM OTS;BACKBONE;MT-26;RAL-598971/2026;26/09/2026 - 08:38;0d.14h56m;16;RT/RJO /NO3/PCS/FO;3;;E;-;C;RIO DE JANEIRO;NORTE 3;NORTE 3;Retirada (RT)
CEM EP SLA KB OTS;BACKBONE;MT-27;RAL-599745/2026;26/09/2026 - 19:20;0d.07h56m;9;RT/BHE /ES /FFA/FO;2;;E;-;C;MINAS GERAIS;BELO HORIZONTE;BELO HORIZONTE;Retirada (RT)
RUP IP RAN GOEBT11 / GOS;BACKBONE;CL-01;RAL-600807/2026;27/09/2026 - 18:39;0d.14h27m;3;RT/GNA /CO /NET/FO;-;;E;-;C;CENTRO OESTE;GOIÂNIA;GOIÂNIA;Retirada (RT)
RUP NODE B/GO JTI10/GO JT;BACKBONE;CL-01;RAL-601175/2026;28/09/2026 - 02:01;0d.07h06m;3;RT/GNA /CO /NET/FO;-;;E;-;C;CENTRO OESTE;GOIÂNIA;GOIÂNIA;Retirada (RT)
FSA GV SDR IT B40W;BACKBONE;MT-26;RAL-601380/2026;28/09/2026 - 04:07;0d.04h03m;4;RT/SDR /BA /JL /FO;-;;E;-;C;BAHIA/SERGIPE;SALVADOR;SALVADOR;Retirada (RT)
IP RAN/MT CCS91/MT NRN91;BACKBONE;CD-99;RAL-601532/2026;28/09/2026 - 06:52;0d.01h57m;3;RT/CBA /CO /NET/FO;-;;E;-;C;CENTRO OESTE;CUIABA;CUIABA;Retirada (RT)
RAMO: C320-RJOPSD-001 - 1;BACKBONE;MT-26;RAL-601711/2026;28/09/2026 - 08:45;0d.00h05m;3;DP/RJO /AM /NET/FO;-;;E;-;C;RIO DE JANEIRO;DESPACHO (DP);DESPACHO (DP);Despacho (DP)
IP RAN/PI FLO90/PI NZI01;BACKBONE;CD-99;RAL-601726/2026;28/09/2026 - 08:52;0d.00h07m;3;RT/TSA /CE /NET/FO;-;;E;-;C;NORDESTE;TERESINA;TERESINA;Retirada (RT)
MNS EM MNS 3C4 OMS;COLETOR;MT-01;RAL-585598/2026;21/09/2026 - 17:11;6d.15h48m;3;RT/MNS /NO /NET/FO;-;;E;-;C;NORTE;MANAUS;MANAUS;Retirada (RT)
VTA NSNLINVTA 3GOLINB1S;COLETOR;MT-01;RAL-594129/2026;24/09/2026 - 12:58;3d.19h58m;3;RT/VTA /MTN/FFA/FO;-;;E;-;C;ESPIRITO SANTO;VITORIA;VITORIA;Retirada (RT)
SMI V3JLINSMI 0E9LINB1S;COLETOR;MT-99;RAL-598733/2026;26/09/2026 - 02:28;2d.06h13m;4;RT/RJO /BX1/NET/FO;2;;E;-;C;RIO DE JANEIRO;BAIXADA;BAIXADA;Retirada (RT)
ISOLADO AMMNS48;COLETOR;CB-99;RAL-600758/2026;27/09/2026 - 17:51;0d.15h11m;2;RT/MNS /NO /NET/FO;-;;E;-;C;NORTE;MANAUS;MANAUS;Retirada (RT)
MESQV2E MESQV2E ETH;COLETOR;MT-01;RAL-601531/2026;28/09/2026 - 06:51;0d.01h49m;3;RT/RJO /BX1/NET/FO;1;;E;-;C;RIO DE JANEIRO;BAIXADA;BAIXADA;Retirada (RT)
CRUMRSABOLT01 XGEI-1/10/1;COLETOR;CD-99;RAL-601603/2026;28/09/2026 - 07:57;0d.01h05m;2;RT/RCE /NE /NET/FO;-;;E;-;C;NORDESTE;RECIFE;RECIFE;Retirada (RT)
NODE B/MG FTA61/MG FTA22;COLETOR;CL-01;RAL-601649/2026;28/09/2026 - 08:22;0d.00h36m;2;RT/BHE /ES /FFA/FO;-;;E;-;C;MINAS GERAIS;BELO HORIZONTE;BELO HORIZONTE;Retirada (RT)
NODE B/MG FTA22/MG CNO03;COLETOR;CL-01;RAL-601653/2026;28/09/2026 - 08:23;0d.00h35m;2;RT/BHE /ES /FFA/FO;-;;E;-;C;MINAS GERAIS;BELO HORIZONTE;BELO HORIZONTE;Retirada (RT)
RJO AMLINERJO Z5VLINB16S;ACESSO CLIENTE;MT-26;RAL-248007/2026;26/04/2026 - 13:39;150d.11h34m;7;DP/RJO /AM /NET/FO;-;TRICKSC;E;-;C;RIO DE JANEIRO;DESPACHO (DP);DESPACHO (DP);Despacho (DP)
BEROBELINEBEROV2TLINB1S;ACESSO CLIENTE;FO-99;RAL-272088/2026;07/05/2026 - 04:40;144d.03h47m;4;DP/RJO /AM /NET/FO;2;TRICKSC;E;-;C;RIO DE JANEIRO;DESPACHO (DP);DESPACHO (DP);Despacho (DP)
RJO GZ2LINRJO 4U7LINB1S;ACESSO CLIENTE;MT-26;RAL-296248/2026;17/05/2026 - 09:54;133d.22h35m;4;DP/RJO /AM /NET/FO;-;TRICKSC;E;-;C;RIO DE JANEIRO;DESPACHO (DP);DESPACHO (DP);Despacho (DP)
DM4270_DQXC91-02 TE 1 1 1;ACESSO CLIENTE;MT-26;RAL-486814/2026;11/08/2026 - 11:54;34d.19h57m;6;DP/RJO /AM /NET/FO;-;TRICKSC;E;-;C;RIO DE JANEIRO;DESPACHO (DP);DESPACHO (DP);Despacho (DP)
DM4270_BETJGN-01 TE 1 1 2;ACESSO CLIENTE;MT-26;RAL-493932/2026;14/08/2026 - 01:18;45d.07h13m;3;RT/BHE /ES /FFA/FO;3;;E;-;C;MINAS GERAIS;BELO HORIZONTE;BELO HORIZONTE;Retirada (RT)
RJO JFBLINRJO RX0LINB1S;ACESSO CLIENTE;MT-26;RAL-498162/2026;16/08/2026 - 10:03;41d.16h09m;5;DP/RJO /AM /NET/FO;5;TRICKSC;E;-;C;RIO DE JANEIRO;DESPACHO (DP);DESPACHO (DP);Despacho (DP)
DQX UWFLINDQX 0JOLINB1S;ACESSO CLIENTE;MT-03;RAL-543655/2026;03/09/2026 - 13:18;19d.16h53m;8;DP/RJO /AM /NET/FO;-;TRICKSC;E;-;C;RIO DE JANEIRO;DESPACHO (DP);DESPACHO (DP);Despacho (DP)
RJO AMLINERJO GPELINB16S;ACESSO CLIENTE;MT-26;RAL-553034/2026;08/09/2026 - 13:37;11d.16h22m;14;RT/RJO /NO2/NET/FO;-;;E;-;C;RIO DE JANEIRO;NORTE 2;NORTE 2;Retirada (RT)
MNS UCILINMNS 3TPLINB1S;ACESSO CLIENTE;MT-26;RAL-554424/2026;09/09/2026 - 01:18;19d.07h43m;2;RT/MNS /NO /NET/FO;-;;E;-;C;NORTE;MANAUS;MANAUS;Retirada (RT)
RJO TPLINERJO 0TILINB16S;ACESSO CLIENTE;MT-26;RAL-559845/2026;10/09/2026 - 18:11;17d.12h49m;6;DP/RJO /AM /NET/FO;-;TRICKSC;E;-;C;RIO DE JANEIRO;DESPACHO (DP);DESPACHO (DP);Despacho (DP)
RJO L5CLINSMI 0GLLINB1S;ACESSO CLIENTE;FO-01;RAL-565506/2026;13/09/2026 - 12:38;14d.20h29m;2;RT/RJO /BX1/NET/FO;-;;E;-;C;RIO DE JANEIRO;BAIXADA;BAIXADA;Retirada (RT)
MNS EM MNS 19A B4S;ACESSO CLIENTE;MT-26;RAL-576635/2026;17/09/2026 - 16:39;10d.16h24m;2;RT/MNS /NO /NET/FO;-;;E;-;C;NORTE;MANAUS;MANAUS;Retirada (RT)
BHE ESLINESBA STLINEB1S;ACESSO CLIENTE;MT-26;RAL-580642/2026;19/09/2026 - 09:42;8d.23h10m;3;RT/BHE /ES /FFA/FO;-;;E;-;C;MINAS GERAIS;BELO HORIZONTE;BELO HORIZONTE;Retirada (RT)
MNS SOLLINMNS 3ZOLINVC4S;ACESSO CLIENTE;MT-26;RAL-580981/2026;19/09/2026 - 14:32;8d.18h31m;2;RT/MNS /NO /NET/FO;1;;E;-;C;NORTE;MANAUS;MANAUS;Retirada (RT)
BVA AB BVA 0GA B0480;ACESSO CLIENTE;MT-26;RAL-581247/2026;19/09/2026 - 18:45;8d.14h20m;2;RT/BVA /NO /NET/FO;-;;E;-;C;NORTE;BOA VISTA;BOA VISTA;Retirada (RT)
BVA PW BVA 0N0 B0480;ACESSO CLIENTE;MT-26;RAL-590590/2026;23/09/2026 - 11:49;4d.21h18m;2;RT/BVA /NO /NET/FO;-;;E;-;C;NORTE;BOA VISTA;BOA VISTA;Retirada (RT)
MNS 18PLINMNS 3HZLINVC4S;ACESSO CLIENTE;MT-26;RAL-592620/2026;24/09/2026 - 01:03;4d.07h55m;2;RT/MNS /NO /NET/FO;-;;E;-;C;NORTE;MANAUS;MANAUS;Retirada (RT)
AIU UPMLINMTUB0DZLINVC4S;ACESSO CLIENTE;MT-26;RAL-594077/2026;24/09/2026 - 12:39;3d.20h26m;2;RT/BLM /NO /ETG/FO;-;;E;-;C;NORTE;BELÉM;BELÉM;Recuperação (RC)
MNS EMLINEMNS UD0LINVC4S;ACESSO CLIENTE;MT-26;RAL-595239/2026;24/09/2026 - 18:32;3d.14h29m;2;RT/MNS /NO /NET/FO;-;;E;-;C;NORTE;MANAUS;MANAUS;Retirada (RT)
MNS 2QLLINMNS 3EJLINVC4S;ACESSO CLIENTE;FO-99;RAL-595501/2026;24/09/2026 - 22:02;3d.11h01m;3;RT/MNS /NO /NET/FO;-;;E;-;C;NORTE;MANAUS;MANAUS;Retirada (RT)
VVA HF LINVVA TN LINB1S;ACESSO CLIENTE;MT-26;RAL-595507/2026;24/09/2026 - 22:08;1d.21h27m;5;RT/VTA /MTN/FFA/FO;-;;E;-;C;ESPIRITO SANTO;VITORIA;VITORIA;Retirada (RT)
MNS EM MNS UJQ B4S;ACESSO CLIENTE;MT-26;RAL-595634/2026;25/09/2026 - 01:11;3d.07h57m;2;RT/MNS /NO /NET/FO;-;;E;-;C;NORTE;MANAUS;MANAUS;Retirada (RT)
PMJ SOLINEPMJ T3YLINVC4S;ACESSO CLIENTE;MT-26;RAL-596093/2026;25/09/2026 - 07:29;3d.01h36m;2;RT/PMJ /CO /NET/FO;-;;E;-;C;CENTRO OESTE;PALMAS;PALMAS;Retirada (RT)
MCE NGLINEMCE 0SULINB1S;ACESSO CLIENTE;MT-27;RAL-596399/2026;25/09/2026 - 09:27;2d.23h10m;3;RT/RJO /NOF/NET/FO;-;;E;-;C;RIO DE JANEIRO;NORTE FLUMINENSE;NORTE FLUMINENSE;Retirada (RT)
GNA PLOLINGNA RDLINEB16S;ACESSO CLIENTE;MT-26;RAL-596413/2026;25/09/2026 - 09:31;2d.20h38m;5;RT/GNA /CO /NET/FO;2;;E;-;C;CENTRO OESTE;GOIÂNIA;GOIÂNIA;Retirada (RT)
DMSTM-1_SEAST-01;ACESSO CLIENTE;SV-02;RAL-598217/2026;25/09/2026 - 18:02;2d.08h56m;8;RT/VTA /MTN/FFA/FO;-;;E;-;C;ESPIRITO SANTO;VITORIA;VITORIA;Retirada (RT)
HUT SULINEHUT 0E0LINB4S;ACESSO CLIENTE;MT-26;RAL-598434/2026;25/09/2026 - 20:45;0d.00h20m;9;RT/MNS /NO /NET/FO;1;;E;-;C;NORTE;MANAUS;MANAUS;Retirada (RT)
CBA MC CBA UUT B1S;ACESSO CLIENTE;MT-26;RAL-598678/2026;26/09/2026 - 01:21;2d.07h21m;3;RT/CBA /CO /NET/FO;-;;E;-;C;CENTRO OESTE;CUIABA;CUIABA;Retirada (RT)
SCQ VELINESCQ 01LINEVC4S;ACESSO CLIENTE;MT-26;RAL-599090/2026;26/09/2026 - 10:13;1d.22h07m;8;RT/GNA /CO /NET/FO;-;;E;-;C;CENTRO OESTE;GOIÂNIA;GOIÂNIA;Retirada (RT)
PMJ SOLINEPMJ 0Y2LINVC4S;ACESSO CLIENTE;MT-26;RAL-599501/2026;26/09/2026 - 15:17;1d.17h49m;2;RT/PMJ /CO /NET/FO;-;;E;-;C;CENTRO OESTE;PALMAS;PALMAS;Retirada (RT)
GNA RDLINEGNA UNILINB1S;ACESSO CLIENTE;MT-26;RAL-599657/2026;26/09/2026 - 17:42;1d.15h08m;3;RT/GNA /CO /NET/FO;-;;E;-;C;CENTRO OESTE;GOIÂNIA;GOIÂNIA;Retirada (RT)
GNA MALLINGNA 0GNLINB1S;ACESSO CLIENTE;MT-26;RAL-599681/2026;26/09/2026 - 18:02;1d.14h37m;3;RT/GNA /CO /NET/FO;-;;E;-;C;CENTRO OESTE;GOIÂNIA;GOIÂNIA;Retirada (RT)
RJO DL9LINRJO STLINEB4S;ACESSO CLIENTE;MT-27;RAL-599697/2026;26/09/2026 - 18:16;0d.20h33m;9;RT/RJO /OE1/NET/FO;-;;E;-;C;RIO DE JANEIRO;CENTRO SUL;CENTRO SUL;Retirada (RT)
BVA AB BVA SRJ B0480;ACESSO CLIENTE;MT-26;RAL-599783/2026;26/09/2026 - 20:14;1d.12h52m;2;RT/BVA /NO /NET/FO;-;;E;-;C;NORTE;BOA VISTA;BOA VISTA;Retirada (RT)
BLM QBLINEBLM UTDLINB1S;ACESSO CLIENTE;MT-26;RAL-599996/2026;27/09/2026 - 01:36;1d.06h51m;4;RT/BLM /NO /ETG/FO;-;;E;-;C;NORTE;BELÉM;BELÉM;Recuperação (RC)
BHE ESANELGVS JKANEL64S;ACESSO CLIENTE;MT-26;RAL-600031/2026;27/09/2026 - 04:38;1d.03h30m;4;RT/GVS /JK /FFA/FO;-;;E;-;C;MINAS GERAIS;GOVERNADOR VALADARES;GOVERNADOR VALADARES;Retirada (RT)
VTA NSNLINVTA 132LINB1S;ACESSO CLIENTE;MT-26;RAL-600155/2026;27/09/2026 - 08:01;0d.01h50m;8;RT/VTA /MTN/FFA/FO;-;;E;-;C;ESPIRITO SANTO;VITORIA;VITORIA;Retirada (RT)
PMJ T3YLINPMJ 0R9LINB1S;ACESSO CLIENTE;MT-26;RAL-600158/2026;27/09/2026 - 08:09;1d.00h59m;3;RT/PMJ /CO /NET/FO;-;;E;-;C;CENTRO OESTE;PALMAS;PALMAS;Retirada (RT)
SLH MTVLINSLH 0E2LINB1S;ACESSO CLIENTE;MT-26;RAL-600189/2026;27/09/2026 - 08:41;1d.00h23m;2;RT/VTA /NOR/FFA/FO;-;;E;-;C;ESPIRITO SANTO;VITORIA;VITORIA;Retirada (RT)
FLA PVLINEFLA YQLINEB4S;ACESSO CLIENTE;MT-26;RAL-600450/2026;27/09/2026 - 13:10;0d.00h11m;5;RT/FLA /CE /NET/FO;-;;E;-;C;NORDESTE;FORTALEZA;FORTALEZA;Retirada (RT)
SEA SMSLINSEA 0GHLINB1S;ACESSO CLIENTE;MT-26;RAL-600456/2026;27/09/2026 - 13:13;0d.19h42m;2;RT/VTA /MTN/FFA/FO;-;;E;-;C;ESPIRITO SANTO;VITORIA;VITORIA;Retirada (RT)
SEA NU LINSEA TYLINEVC4S;ACESSO CLIENTE;MT-26;RAL-600798/2026;27/09/2026 - 18:28;0d.14h34m;2;RT/VTA /MTN/FFA/FO;-;;E;-;C;ESPIRITO SANTO;VITORIA;VITORIA;Retirada (RT)
BLM AUG BLM NMA B1S;ACESSO CLIENTE;MT-26;RAL-600949/2026;27/09/2026 - 21:31;0d.11h36m;2;RT/BLM /NO /NET/FO;-;;E;-;C;NORTE;BELEM;BELEM;Retirada (RT)
CPE CMLINECPE 1AVLINVC4S;ACESSO CLIENTE;MT-26;RAL-601035/2026;27/09/2026 - 23:32;0d.09h22m;3;RT/CPE /CO /NET/FO;-;;E;-;C;CENTRO OESTE;CAMPO GRANDE;CAMPO GRANDE;Retirada (RT)
MBA SERLINMBA 0K1LINVC4S;ACESSO CLIENTE;MT-26;RAL-601070/2026;28/09/2026 - 00:14;0d.08h38m;4;RT/MBA /QE /ETG/FO;-;;E;-;C;NORTE;MARABÁ;MARABÁ;Retirada (RT)
LNS 0E5LINLNS 0HYLINB1S;ACESSO CLIENTE;MT-26;RAL-601090/2026;28/09/2026 - 00:31;0d.07h26m;5;RT/VTA /NOR/FFA/FO;1;;E;-;C;ESPIRITO SANTO;VITORIA;VITORIA;Retirada (RT)
BVA ABLINEBVA 0SSLINB1S;ACESSO CLIENTE;MT-26;RAL-601107/2026;28/09/2026 - 00:39;0d.08h23m;2;RT/BVA /NO /NET/FO;-;;E;-;C;NORTE;BOA VISTA;BOA VISTA;Retirada (RT)
LNS 0HDLINLNS 0JALINB1S;ACESSO CLIENTE;MT-26;RAL-601177/2026;28/09/2026 - 02:04;0d.06h58m;2;RT/VTA /NOR/FFA/FO;1;;E;-;C;ESPIRITO SANTO;VITORIA;VITORIA;Retirada (RT)
BSA 0BZLINBSA 0QSLINB1S;ACESSO CLIENTE;MT-26;RAL-601282/2026;28/09/2026 - 03:04;0d.05h29m;3;RC/BSA /CO /NET/FO;-;;E;-;C;CENTRO OESTE;BRASILIA;BRASILIA;Recuperação (RC)
TRS BRLINETRS TR4LINB4S;ACESSO CLIENTE;FO-99;RAL-601352/2026;28/09/2026 - 03:46;0d.04h48m;3;RT/RJO /SEF/NET/FO;-;;E;-;C;RIO DE JANEIRO;SERRA;SERRA;Retirada (RT)
TRS BRLINETRS V37LINB1S;ACESSO CLIENTE;FO-99;RAL-601358/2026;28/09/2026 - 03:49;0d.04h38m;4;RT/RJO /SEF/NET/FO;-;;E;-;C;RIO DE JANEIRO;SERRA;SERRA;Retirada (RT)
RVD FLLINERVD V4VLINB1S;ACESSO CLIENTE;MT-03;RAL-601504/2026;28/09/2026 - 06:26;0d.02h24m;3;RT/GNA /CO /NET/FO;-;;E;-;C;CENTRO OESTE;GOIÂNIA;GOIÂNIA;Retirada (RT)
BSA 8WO TAGASHS OTS;ACESSO CLIENTE;FO-01;RAL-601540/2026;28/09/2026 - 07:03;0d.02h00m;3;RC/BSA /CO /NET/FO;-;;E;-;C;CENTRO OESTE;BRASILIA;BRASILIA;Recuperação (RC)
RJO CRMLINRJO EMULINB4S;ACESSO CLIENTE;MT-26;RAL-601542/2026;28/09/2026 - 07:07;0d.01h39m;3;RT/RJO /NO2/NET/FO;-;;E;-;C;RIO DE JANEIRO;NORTE 2;NORTE 2;Retirada (RT)
RJO C00LINRJO EMULINVC4S;ACESSO CLIENTE;MT-26;RAL-601549/2026;28/09/2026 - 07:12;0d.01h37m;3;RT/RJO /NO2/NET/FO;-;;E;-;C;RIO DE JANEIRO;NORTE 2;NORTE 2;Retirada (RT)
CRU CJVLINCRU V5ZLINVC4S;ACESSO CLIENTE;MT-26;RAL-601615/2026;28/09/2026 - 08:05;0d.00h58m;2;RT/RCE /NE /NET/FO;-;;E;-;C;NORDESTE;RECIFE;RECIFE;Retirada (RT)
RJO 39DLINSMI 0HLLINB1S;ACESSO CLIENTE;FO-01;RAL-601684/2026;28/09/2026 - 08:35;0d.00h22m;3;RT/RJO /BX1/NET/FO;-;;E;-;C;RIO DE JANEIRO;BAIXADA;BAIXADA;Retirada (RT)
RJO AM RJO TP OTS;QUALIDADE;MT-99;RAL-379845/2026;24/06/2026 - 11:29;95d.20h21m;6;RT/RJO /NO3/PCS/FO;-;F196679;E;-;C;RIO DE JANEIRO;NORTE 3;NORTE 3;Retirada (RT)
SERPBR VRD BV OTS;QUALIDADE;MT-99;RAL-380097/2026;24/06/2026 - 13:09;13d.02h00m;8;RC/RJO /AM /NET/SG;-;;E;-;C;RIO DE JANEIRO;RIO DE JANEIRO;RIO DE JANEIRO;Recuperação (RC)
RJO AM RJO NT0 OTS;BACKBONE;MT-26;RAL-579636/2025;21/09/2025 - 22:07;371d.09h36m;19;RC/RJO /AM /NET/SG;-;;E;-;S;RIO DE JANEIRO;RIO DE JANEIRO;RIO DE JANEIRO;Recuperação (RC)
SWAP V.TAL MIC X TPU;BACKBONE;MT-99;RAL-546112/2026;04/09/2026 - 10:04;23d.17h06m;4;RC/MNS /NO /NET/SG;-;;E;-;S;NORTE;MANAUS;MANAUS;Recuperação (RC)
SWAP K2 PBS X JFA;BACKBONE;MT-99;RAL-590273/2026;23/09/2026 - 10:21;2d.22h20m;16;RT/RJO /SEF/NET/FO;-;;E;-;S;RIO DE JANEIRO;SERRA;SERRA;Retirada (RT)
SWAP K2 INW X AFONSO CLAU;BACKBONE;MT-99;RAL-590882/2026;23/09/2026 - 13:27;4d.19h26m;3;RT/VTA /NOR/FFA/FO;-;;E;-;S;ESPIRITO SANTO;VITORIA;VITORIA;Retirada (RT)
SWAP ALTAREDE RJO X RJO;BACKBONE;MT-99;RAL-597378/2026;25/09/2026 - 13:36;1d.22h51m;9;RT/RJO /OE1/NET/FO;-;;E;-;S;RIO DE JANEIRO;CENTRO SUL;CENTRO SUL;Retirada (RT)
SWAP WINDX VVA*GRI;BACKBONE;MT-99;RAL-599158/2026;26/09/2026 - 10:50;1d.22h15m;3;RT/VTA /MTS/FFA/FO;-;;E;-;S;ESPIRITO SANTO;VITORIA;VITORIA;Retirada (RT)
SWAP FO VIVO MAFL X VIA;BACKBONE;MT-01;RAL-599625/2026;26/09/2026 - 17:11;1d.15h49m;5;RT/VTA /MTS/FFA/FO;-;;E;-;S;ESPIRITO SANTO;VITORIA;VITORIA;Retirada (RT)
RJOJCGBBOLT01_RJJAC78_P02;BACKBONE;FO-01;RAL-600463/2026;27/09/2026 - 13:21;0d.19h40m;3;RT/RJO /SU2/NET/FO;-;;E;-;S;RIO DE JANEIRO;CENTRO SUL;CENTRO SUL;Retirada (RT)
SWAP K2 SMJ X INW;BACKBONE;MT-99;RAL-600467/2026;27/09/2026 - 13:23;0d.19h20m;3;RT/VTA /NOR/FFA/FO;-;;E;-;S;ESPIRITO SANTO;VITORIA;VITORIA;Retirada (RT)
VAZCTSABOLT01;BACKBONE;FO-01;RAL-600744/2026;27/09/2026 - 17:40;0d.15h22m;2;RT/CBA /CO /NET/FO;-;;E;-;S;CENTRO OESTE;CUIABA;CUIABA;Retirada (RT)
SWAP FO VTAL VIA X DGM;BACKBONE;MT-01;RAL-600843/2026;27/09/2026 - 19:19;0d.13h46m;3;RT/VTA /NOR/FFA/FO;-;;E;-;S;ESPIRITO SANTO;VITORIA;VITORIA;Retirada (RT)
NIUSEGABOLT01_RJNIG85_P01;BACKBONE;FO-01;RAL-601521/2026;28/09/2026 - 06:43;0d.02h11m;3;RT/RJO /BX1/NET/FO;-;;E;-;S;RIO DE JANEIRO;BAIXADA;BAIXADA;Retirada (RT)
CIMPRSAAOLT01_ESCIT08_P02;BACKBONE;FO-01;RAL-601735/2026;28/09/2026 - 08:55;0d.00h09m;2;DP/RJO /AM /NET/FO;-;;E;-;S;RIO DE JANEIRO;DESPACHO (DP);DESPACHO (DP);Despacho (DP)
CIMVLRAAOLT01_ESCIT01_P02;BACKBONE;FO-01;RAL-601736/2026;28/09/2026 - 08:55;0d.00h10m;2;DP/RJO /AM /NET/FO;-;;E;-;S;RIO DE JANEIRO;DESPACHO (DP);DESPACHO (DP);Despacho (DP)
CIMBVTAAOLT01_ESCIT07_P01;BACKBONE;FO-01;RAL-601737/2026;28/09/2026 - 08:55;0d.00h07m;2;DP/RJO /AM /NET/FO;-;;E;-;S;RIO DE JANEIRO;DESPACHO (DP);DESPACHO (DP);Despacho (DP)
CIMCBGAAOLT01_ESCIT12_P02;BACKBONE;FO-01;RAL-601738/2026;28/09/2026 - 08:56;0d.00h08m;2;DP/RJO /AM /NET/FO;-;;E;-;S;RIO DE JANEIRO;DESPACHO (DP);DESPACHO (DP);Despacho (DP)
NODE B/MG BET94/MG BET21;COLETOR;CB-99;RAL-494020/2026;14/08/2026 - 02:33;45d.06h35m;2;RT/BHE /ES /FFA/FO;2;;E;-;S;MINAS GERAIS;BELO HORIZONTE;BELO HORIZONTE;Retirada (RT)
NODE B RRIRC01 X RRCKR01;COLETOR;CB-99;RAL-581488/2026;19/09/2026 - 23:01;8d.09h58m;2;RT/BVA /NO /NET/FO;-;;E;-;S;NORTE;BOA VISTA;BOA VISTA;Retirada (RT)
NODE B RRVIV01 X RRBVA03;COLETOR;CB-99;RAL-584425/2026;21/09/2026 - 12:08;6d.20h56m;2;RT/BVA /NO /NET/FO;-;;E;-;S;NORTE;BOA VISTA;BOA VISTA;Retirada (RT)
NODE B PAXGA01 X PAAGA01;COLETOR;CB-99;RAL-589167/2026;22/09/2026 - 18:48;5d.14h11m;2;RT/BLM /NO /ETG/FO;-;;E;-;S;NORTE;BELÉM;BELÉM;Recuperação (RC)
NODE B AMMNS16 X AMMNS05;COLETOR;CB-99;RAL-595317/2026;24/09/2026 - 19:32;3d.13h29m;2;RT/MNS /NO /NET/FO;-;;E;-;S;NORTE;MANAUS;MANAUS;Retirada (RT)
NODE B MTROI03 X MTALU01;COLETOR;CB-99;RAL-596272/2026;25/09/2026 - 08:54;0d.23h17m;9;RT/CBA /CO /NET/FO;-;;E;-;S;CENTRO OESTE;CUIABA;CUIABA;Retirada (RT)
NODE B RJSJM19 X RJDQC64;COLETOR;CB-99;RAL-598164/2026;25/09/2026 - 17:41;2d.15h24m;2;RT/RJO /BX1/NET/FO;-;;E;-;S;RIO DE JANEIRO;BAIXADA;BAIXADA;Retirada (RT)
NODE B PEBVT25 X PEBVT06;COLETOR;CB-99;RAL-598459/2026;25/09/2026 - 21:06;2d.12h02m;2;RT/RCE /NE /NET/FO;-;;E;-;S;NORDESTE;RECIFE;RECIFE;Retirada (RT)
NODE B MTSVGR2 X MTCBAR9;COLETOR;CB-99;RAL-598473/2026;25/09/2026 - 21:21;2d.11h44m;2;RT/CBA /CO /NET/FO;-;;E;-;S;CENTRO OESTE;CUIABA;CUIABA;Retirada (RT)
NODE B ES SERR1 X ES FUN0;COLETOR;CL-01;RAL-598993/2026;26/09/2026 - 09:10;1d.19h48m;6;RT/VTA /MTN/FFA/FO;1;;E;-;S;ESPIRITO SANTO;VITORIA;VITORIA;Retirada (RT)
NODE B GOSCQ05 X GOGNA3W;COLETOR;CB-99;RAL-599396/2026;26/09/2026 - 13:57;1d.18h59m;2;RT/GNA /CO /NET/FO;2;;E;-;S;CENTRO OESTE;GOIÂNIA;GOIÂNIA;Retirada (RT)
NODE B MGMUR01 X MGMII01;COLETOR;CL-01;RAL-600369/2026;27/09/2026 - 11:53;0d.09h29m;5;RT/JFA /JC /FFA/FO;-;;E;-;S;MINAS GERAIS;JUIZ DE FORA;JUIZ DE FORA;Retirada (RT)
NODE B PI SYU01 X PI CLP0;COLETOR;CL-01;RAL-600421/2026;27/09/2026 - 12:44;0d.20h22m;2;RT/TSA /CE /NET/FO;-;;E;-;S;NORDESTE;TERESINA;TERESINA;Retirada (RT)
NODE B GOIUS01 X GODMN01;COLETOR;CB-99;RAL-600494/2026;27/09/2026 - 13:55;0d.19h08m;2;RT/GNA /CO /NET/FO;-;;E;-;S;CENTRO OESTE;GOIÂNIA;GOIÂNIA;Retirada (RT)
NODE B PERIFR1 X PEIPJ01;COLETOR;CB-99;RAL-600821/2026;27/09/2026 - 18:57;0d.14h09m;2;RT/RCE /NE /NET/FO;-;;E;-;S;NORDESTE;RECIFE;RECIFE;Retirada (RT)
NODE B MGTRD02 X MGTRD01;COLETOR;CB-99;RAL-600870/2026;27/09/2026 - 19:38;0d.13h27m;2;RT/JFA /JC /FFA/FO;-;;E;-;S;MINAS GERAIS;JUIZ DE FORA;JUIZ DE FORA;Retirada (RT)
RUP NODEB RJNIG05-RMD02;COLETOR;CB-99;RAL-600910/2026;27/09/2026 - 20:40;0d.12h22m;2;RT/RJO /BX1/NET/FO;-;;E;-;S;RIO DE JANEIRO;BAIXADA;BAIXADA;Retirada (RT)
NODE B RJQUE21 X RJNIGC8;COLETOR;CB-99;RAL-600913/2026;27/09/2026 - 20:42;0d.12h20m;2;RT/RJO /BX1/NET/FO;-;;E;-;S;RIO DE JANEIRO;BAIXADA;BAIXADA;Retirada (RT)
NODE B MAACD02 X MAACD01;COLETOR;CB-99;RAL-600928/2026;27/09/2026 - 20:55;0d.12h06m;2;RT/SLS /NO /MVA/FO;-;;E;-;S;NORTE;SÃO LUÍS;SÃO LUÍS;Recuperação (RC)
NODE B MAACD16 X MAACD08;COLETOR;CB-99;RAL-600929/2026;27/09/2026 - 20:57;0d.12h05m;2;RT/SLS /NO /MVA/FO;-;;E;-;S;NORTE;SÃO LUÍS;SÃO LUÍS;Recuperação (RC)
NODE B GORVD41 X GORVD27;COLETOR;CB-99;RAL-601023/2026;27/09/2026 - 23:08;0d.10h00m;2;RT/GNA /CO /NET/FO;-;;E;-;S;CENTRO OESTE;GOIÂNIA;GOIÂNIA;Retirada (RT)
NODE B MGARG20 X MGARG04;COLETOR;CB-99;RAL-601098/2026;28/09/2026 - 00:33;0d.08h30m;2;RT/ULA /MA /FFA/FO;-;;E;-;S;MINAS GERAIS;UBERLANDIA;UBERLANDIA;Retirada (RT)
RUP NODEB PEVSA03-RMD01;COLETOR;CB-99;RAL-601283/2026;28/09/2026 - 03:06;0d.05h54m;2;RT/RCE /NE /NET/FO;-;;E;-;S;NORDESTE;RECIFE;RECIFE;Retirada (RT)
EVENTO_VVE_28_09_ESVVE;COLETOR;CB-99;RAL-601375/2026;28/09/2026 - 03:21;0d.05h47m;2;RT/VTA /MTS/FFA/FO;8;;E;-;S;ESPIRITO SANTO;VITORIA;VITORIA;Retirada (RT)
NODE B RRBVA69 X RRBVA03;COLETOR;CB-99;RAL-601467/2026;28/09/2026 - 05:48;0d.03h00m;3;RT/BVA /NO /NET/FO;-;;E;-;S;NORTE;BOA VISTA;BOA VISTA;Retirada (RT)
NODE B AMMNS48 X AMMNS16;COLETOR;CB-99;RAL-601469/2026;28/09/2026 - 05:51;0d.03h04m;2;RT/MNS /NO /NET/FO;-;;E;-;S;NORTE;MANAUS;MANAUS;Retirada (RT)
NODE B/RJ NIG93;COLETOR;FO-01;RAL-601607/2026;28/09/2026 - 08:00;0d.00h44m;2;RT/RJO /BX1/NET/FO;-;;E;-;S;RIO DE JANEIRO;BAIXADA;BAIXADA;Retirada (RT)
NODE B/RJ PRT10/RJ PRT01(;COLETOR;FO-01;RAL-601754/2026;28/09/2026 - 09:00;0d.00h09m;1;DP/RJO /AM /NET/FO;-;;E;-;S;RIO DE JANEIRO;DESPACHO (DP);DESPACHO (DP);Despacho (DP)
RJO TPLINERJO 0TILINB16S;ACESSO CLIENTE;FO-01;RAL-470114/2026;04/08/2026 - 10:06;52d.21h56m;6;DP/RJO /AM /NET/FO;-;TRICKSC;E;-;S;RIO DE JANEIRO;DESPACHO (DP);DESPACHO (DP);Despacho (DP)
EVENTO_NO2_CB12156_SEMP;ACESSO CLIENTE;CB-99;RAL-600360/2026;27/09/2026 - 10:25;0d.22h43m;2;RT/RJO /NO2/NET/FO;8;;E;-;S;RIO DE JANEIRO;NORTE 2;NORTE 2;Retirada (RT)
F600G_RJOQLV_004;ACESSO CLIENTE;MT-26;RAL-601604/2026;28/09/2026 - 07:58;0d.00h42m;3;RT/RJO /OE1/NET/FO;-;;E;-;S;RIO DE JANEIRO;CENTRO SUL;CENTRO SUL;Retirada (RT)
RJO AM RJO NBF OTS;QUALIDADE;MT-27;RAL-50286/2024;25/01/2024 - 14:28;388d.02h32m;8;RC/RJO /AM /NET/SG;-;;E;-;S;RIO DE JANEIRO;RIO DE JANEIRO;RIO DE JANEIRO;Recuperação (RC)
RJO AM TANGBR B40W;QUALIDADE;MT-26;RAL-283582/2024;17/05/2024 - 11:55;351d.21h26m;10;RC/RJO /AM /NET/SG;2;;E;-;S;RIO DE JANEIRO;RIO DE JANEIRO;RIO DE JANEIRO;Recuperação (RC)
NRI ITG TANGBR OTS;QUALIDADE;MT-99;RAL-471986/2024;13/08/2024 - 20:35;299d.15h29m;10;RC/RJO /AM /NET/SG;-;;E;-;S;RIO DE JANEIRO;RIO DE JANEIRO;RIO DE JANEIRO;Recuperação (RC)
JFA JC PBS PRB OTS;QUALIDADE;MT-05;RAL-692180/2024;13/11/2024 - 18:02;220d.20h23m;14;RC/RJO /AM /NET/SG;-;;E;-;S;RIO DE JANEIRO;RIO DE JANEIRO;RIO DE JANEIRO;Recuperação (RC)
RJO AM TANGBR OTS;QUALIDADE;MT-05;RAL-731210/2024;01/12/2024 - 14:15;391d.17h31m;8;RC/RJO /AM /NET/SG;-;;E;-;S;RIO DE JANEIRO;RIO DE JANEIRO;RIO DE JANEIRO;Recuperação (RC)
CQU C01 MGO CEN OTS;QUALIDADE;MT-99;RAL-767653/2024;16/12/2024 - 05:05;299d.11h53m;7;RC/PAE /BV /NET/SG;-;;E;-;S;Unknown;Unknown;Unknown;Unknown
RJO GBN RJO HL OTS;QUALIDADE;MT-99;RAL-23669/2025;13/01/2025 - 11:59;389d.00h30m;16;RC/RJO /AM /NET/SG;-;;E;-;S;RIO DE JANEIRO;RIO DE JANEIRO;RIO DE JANEIRO;Recuperação (RC)
CDA MA ERE SSB OTS;QUALIDADE;MT-26;RAL-81259/2025;06/02/2025 - 15:26;299d.11h20m;45;RC/PAE /BV /NET/SG;-;;E;-;S;Unknown;Unknown;Unknown;Unknown
RIN LG RON JB OTS;QUALIDADE;CB-99;RAL-113182/2025;20/02/2025 - 07:59;560d.02h18m;7;RC/FNS /PO /NET/SG;-;;E;-;S;Unknown;Unknown;Unknown;Unknown
JGS BDB SBS CE OTS;QUALIDADE;CB-99;RAL-116174/2025;21/02/2025 - 06:40;542d.02h17m;4;RC/FNS /PO /NET/SG;-;;E;-;S;Unknown;Unknown;Unknown;Unknown
CQU C01 GUB PP OTS;QUALIDADE;CB-99;RAL-116622/2025;21/02/2025 - 09:46;583d.23h21m;3;RC/PAE /BV /NET/SG;-;;E;-;S;Unknown;Unknown;Unknown;Unknown
DPO AN SIV RC OTS;QUALIDADE;MT-05;RAL-165457/2025;14/03/2025 - 12:23;562d.20h33m;4;RC/PAE /BV /NET/SG;-;;E;-;S;Unknown;Unknown;Unknown;Unknown
CAN NET PAE MF OTS;QUALIDADE;CB-99;RAL-206107/2025;01/04/2025 - 06:50;545d.02h17m;3;RC/PAE /BV /NET/SG;-;;E;-;S;Unknown;Unknown;Unknown;Unknown
CHP AS SJC EB OTS;QUALIDADE;MT-99;RAL-224859/2025;08/04/2025 - 16:36;481d.17h26m;5;RC/CAS /BC /NET/SG;-;;E;-;S;Unknown;Unknown;Unknown;Unknown
RJO 0TF RJO 4CL OTS;QUALIDADE;MT-26;RAL-226114/2025;09/04/2025 - 09:39;354d.17h47m;7;RC/RJO /AM /NET/SG;-;;E;-;S;RIO DE JANEIRO;RIO DE JANEIRO;RIO DE JANEIRO;Recuperação (RC)
RJO ALO RJO AM OTS;QUALIDADE;MT-99;RAL-226546/2025;09/04/2025 - 11:28;242d.14h34m;9;RC/RJO /AM /NET/SG;-;;E;-;S;RIO DE JANEIRO;RIO DE JANEIRO;RIO DE JANEIRO;Recuperação (RC)
MRC MRC NRI MPA OTS;QUALIDADE;MT-26;RAL-244941/2025;17/04/2025 - 15:50;391d.17h29m;6;RC/RJO /AM /NET/SG;-;;E;-;S;RIO DE JANEIRO;RIO DE JANEIRO;RIO DE JANEIRO;Recuperação (RC)
BRH FZ RPO TB OTS;QUALIDADE;MT-26;RAL-251291/2025;22/04/2025 - 17:02;436d.13h39m;7;RC/CAS /BC /NET/SG;-;;E;-;S;Unknown;Unknown;Unknown;Unknown
CZA JV1 JCS C01 OTS;QUALIDADE;CB-99;RAL-261816/2025;28/04/2025 - 08:03;518d.01h04m;3;RC/PAE /BV /NET/SG;-;;E;-;S;Unknown;Unknown;Unknown;Unknown
BPR C01 NHO LO OTS;QUALIDADE;MT-05;RAL-277303/2025;05/05/2025 - 15:49;299d.11h55m;5;RC/PAE /BV /NET/SG;-;;E;-;S;Unknown;Unknown;Unknown;Unknown
ALLGAG1 BUTOFC OTS;QUALIDADE;CB-99;RAL-294968/2025;13/05/2025 - 12:39;50d.12h46m;7;RT/ITZ /CE /MVA/FO;2;;E;-;S;NORTE;IMPERATRIZ;IMPERATRIZ;Recuperação (RC)
JVE LN SFS FS OTS;QUALIDADE;MT-26;RAL-340125/2025;01/06/2025 - 07:50;484d.01h00m;4;RC/FNS /PO /NET/SG;-;;E;-;S;Unknown;Unknown;Unknown;Unknown
ENTOKB PQIAFC OTS;QUALIDADE;MT-26;RAL-358084/2025;09/06/2025 - 11:27;431d.00h35m;5;RC/SLS /CE /NET/SG;-;;E;-;S;NORTE;SÃO LUÍS;SÃO LUÍS;Recuperação (RC)
CUA SV TRO EPC OTS;QUALIDADE;MT-27;RAL-379056/2025;18/06/2025 - 12:55;144d.18h41m;19;RC/FNS /PO /NET/SG;-;;E;-;S;Unknown;Unknown;Unknown;Unknown
RJO EN RJO GBN OTS;QUALIDADE;MT-99;RAL-379833/2025;18/06/2025 - 17:40;353d.01h39m;11;RC/RJO /AM /NET/SG;-;;E;-;S;RIO DE JANEIRO;RIO DE JANEIRO;RIO DE JANEIRO;Recuperação (RC)
GVS JK IIG LV B40W;QUALIDADE;MT-05;RAL-384481/2025;21/06/2025 - 20:22;291d.22h45m;5;RC/BHE /ES /NET/SG;-;;E;-;S;MINAS GERAIS;BELO HORIZONTE;BELO HORIZONTE;Recuperação (RC)
CVZ LB MNS EM OTS;QUALIDADE;MD-11;RAL-389331/2025;24/06/2025 - 10:49;460d.00h52m;4;RC/MNS /NO /NET/SG;-;;V;-;S;NORTE;MANAUS;MANAUS;Recuperação (RC)
CBU RD TANGBR OTS;QUALIDADE;MT-99;RAL-413877/2025;05/07/2025 - 02:34;391d.17h30m;9;RC/RJO /AM /NET/SG;-;;E;-;S;RIO DE JANEIRO;RIO DE JANEIRO;RIO DE JANEIRO;Recuperação (RC)
ATM AC VTXUVIV OTS;QUALIDADE;CB-99;RAL-440565/2025;18/07/2025 - 11:08;325d.23h40m;9;RC/BLM /NO /NET/SG;-;;E;-;S;NORTE;BELÉM;BELÉM;Recuperação (RC)
"SWAP FIBRA V.TAL; CRN -ET";QUALIDADE;MT-05;RAL-448351/2025;22/07/2025 - 16:50;330d.02h09m;20;RC/SLS /CE /NET/SG;-;;E;-;S;NORTE;SÃO LUÍS;SÃO LUÍS;Recuperação (RC)
BUTPFC PQIAFC OTS;QUALIDADE;MT-05;RAL-477901/2025;05/08/2025 - 17:59;50d.12h46m;20;RT/ITZ /CE /MVA/FO;-;;E;-;S;NORTE;IMPERATRIZ;IMPERATRIZ;Recuperação (RC)
JVE LN JVE UQ8 OTS;QUALIDADE;CB-99;RAL-478259/2025;06/08/2025 - 00:39;417d.11h37m;3;RC/FNS /PO /NET/SG;-;;E;-;S;Unknown;Unknown;Unknown;Unknown
PAE DCB PAE MF OTS;QUALIDADE;CB-99;RAL-493127/2025;12/08/2025 - 23:17;404d.20h27m;3;RC/PAE /BV /NET/SG;-;;E;-;S;Unknown;Unknown;Unknown;Unknown
AZS CL1 CVZ LB OTS;QUALIDADE;MD-11;RAL-536306/2025;02/09/2025 - 12:22;390d.20h09m;9;RC/MNS /NO /NET/SG;-;;E;-;S;NORTE;MANAUS;MANAUS;Recuperação (RC)
CXS VO TSA AN OTS;QUALIDADE;MT-05;RAL-581800/2025;22/09/2025 - 14:38;370d.16h56m;6;RC/SLS /CE /NET/SG;-;;E;-;S;NORTE;SÃO LUÍS;SÃO LUÍS;Recuperação (RC)
ALQ 0E2 SRM SP OTS;QUALIDADE;MT-05;RAL-582475/2025;22/09/2025 - 16:50;370d.11h48m;6;RC/BLM /NO /NET/SG;-;;E;-;S;NORTE;BELÉM;BELÉM;Recuperação (RC)
ALLGAG1 SIS KB OTS;QUALIDADE;MT-05;RAL-582758/2025;22/09/2025 - 17:48;369d.19h34m;5;RC/SLS /CE /NET/SG;-;;E;-;S;NORTE;SÃO LUÍS;SÃO LUÍS;Recuperação (RC)
GVS JK TOT BR OTS;QUALIDADE;MT-05;RAL-584837/2025;23/09/2025 - 10:42;342d.01h42m;5;RC/BHE /ES /NET/SG;-;;E;-;S;MINAS GERAIS;BELO HORIZONTE;BELO HORIZONTE;Recuperação (RC)
ENTOKB VNTEBR OTS;QUALIDADE;MT-05;RAL-584967/2025;23/09/2025 - 11:09;346d.09h13m;9;RC/SLS /CE /NET/SG;-;;E;-;S;NORTE;SÃO LUÍS;SÃO LUÍS;Recuperação (RC)
NRI ITG RJO AM OTS;QUALIDADE;MT-26;RAL-585731/2025;23/09/2025 - 14:49;299d.15h26m;6;RC/RJO /AM /NET/SG;-;;E;-;S;RIO DE JANEIRO;RIO DE JANEIRO;RIO DE JANEIRO;Recuperação (RC)
MGO RB VAI R2 OTS;QUALIDADE;CB-99;RAL-586687/2025;23/09/2025 - 22:24;299d.11h18m;3;RC/PAE /BV /NET/SG;-;;E;-;S;Unknown;Unknown;Unknown;Unknown
SDE C01 SJA C01 OTS;QUALIDADE;CB-99;RAL-586698/2025;23/09/2025 - 22:39;299d.11h17m;37;RC/PAE /BV /NET/SG;-;;E;-;S;Unknown;Unknown;Unknown;Unknown
CAN NET NHO LO OTS;QUALIDADE;CB-99;RAL-586708/2025;23/09/2025 - 22:54;299d.11h15m;3;RC/PAE /BV /NET/SG;-;;E;-;S;Unknown;Unknown;Unknown;Unknown
SCR EA VAI R2 OTS;QUALIDADE;CB-99;RAL-586716/2025;23/09/2025 - 23:11;299d.11h12m;3;RC/PAE /BV /NET/SG;-;;E;-;S;Unknown;Unknown;Unknown;Unknown
RJO EN RJO 4WR OTS;QUALIDADE;MT-99;RAL-599122/2025;29/09/2025 - 15:46;354d.17h50m;4;RC/RJO /AM /NET/SG;-;;E;-;S;RIO DE JANEIRO;RIO DE JANEIRO;RIO DE JANEIRO;Recuperação (RC)
MAM BR ULA MA OTS;QUALIDADE;MT-26;RAL-607116/2025;02/10/2025 - 14:11;310d.23h44m;7;RC/BHE /ES /NET/SG;-;;E;-;S;MINAS GERAIS;BELO HORIZONTE;BELO HORIZONTE;Recuperação (RC)
HUT SU PVO FN OTS;QUALIDADE;MT-01;RAL-651280/2025;22/10/2025 - 11:54;249d.22h48m;5;RC/MNS /NO /NET/SG;-;F117877;E;-;S;NORTE;MANAUS;MANAUS;Recuperação (RC)
CTUJ0DY TOT BR OTS;QUALIDADE;MT-01;RAL-651841/2025;22/10/2025 - 14:45;312d.20h44m;8;RC/BHE /ES /NET/SG;-;;E;-;S;MINAS GERAIS;BELO HORIZONTE;BELO HORIZONTE;Recuperação (RC)
BLA CR SMN MN1 OTS;QUALIDADE;MT-26;RAL-652143/2025;22/10/2025 - 16:07;310d.23h39m;4;RC/SLS /CE /NET/SG;-;;E;-;S;NORTE;SÃO LUÍS;SÃO LUÍS;Recuperação (RC)
CJROFJ NVODKB OTS;QUALIDADE;MT-26;RAL-656001/2025;24/10/2025 - 05:27;334d.10h42m;4;RC/SLS /CE /NET/SG;1;;E;-;S;NORTE;SÃO LUÍS;SÃO LUÍS;Recuperação (RC)
AMM ISO LJI VIV OTS;QUALIDADE;MT-26;RAL-662185/2025;27/10/2025 - 14:16;331d.10h03m;6;RC/MPA /NO /NET/SG;-;;E;-;S;NORTE;MACAPA;MACAPA;Recuperação (RC)
IUB PM ULA BR2 OTS;QUALIDADE;MT-26;RAL-662641/2025;27/10/2025 - 16:21;281d.22h26m;8;RC/BHE /ES /NET/SG;-;;E;-;S;MINAS GERAIS;BELO HORIZONTE;BELO HORIZONTE;Recuperação (RC)
AGNPFC ITZ RC OTS 001;QUALIDADE;MT-26;RAL-667838/2025;29/10/2025 - 14:35;293d.10h10m;6;RC/SLS /CE /NET/SG;1;;E;-;S;NORTE;SÃO LUÍS;SÃO LUÍS;Recuperação (RC)
UNI CL UNI 0FA OTS;QUALIDADE;MT-26;RAL-693544/2025;10/11/2025 - 15:32;281d.22h16m;4;RC/BHE /ES /NET/SG;-;;E;-;S;MINAS GERAIS;BELO HORIZONTE;BELO HORIZONTE;Recuperação (RC)
BELTSEA RRI C02 OTS;QUALIDADE;MT-01;RAL-724024/2025;24/11/2025 - 18:06;307d.14h57m;4;RC/BLM /NO /NET/SG;-;;E;-;S;NORTE;BELÉM;BELÉM;Recuperação (RC)
IOT VIV RPE VIV OTS;QUALIDADE;MT-01;RAL-735630/2025;29/11/2025 - 12:47;281d.21h02m;23;RC/MNS /NO /NET/SG;-;;E;-;S;NORTE;MANAUS;MANAUS;Recuperação (RC)
ITZ RC PQIAFC OTS;QUALIDADE;MT-01;RAL-736536/2025;30/11/2025 - 11:28;293d.10h09m;4;RC/SLS /CE /NET/SG;-;;E;-;S;NORTE;SÃO LUÍS;SÃO LUÍS;Recuperação (RC)
CAH BR SID BR OTS;QUALIDADE;MT-01;RAL-740812/2025;02/12/2025 - 11:47;293d.16h49m;4;RC/BLM /NO /NET/SG;-;;E;-;S;NORTE;BELÉM;BELÉM;Recuperação (RC)
ALQ CAM OXA ISO OTS;QUALIDADE;MT-26;RAL-769456/2025;14/12/2025 - 17:16;286d.20h49m;4;RC/BLM /NO /NET/SG;1;;E;-;S;NORTE;BELÉM;BELÉM;Recuperação (RC)
ADA BR IZA BR OTS;QUALIDADE;MT-99;RAL-773867/2025;16/12/2025 - 10:46;214d.18h20m;5;RC/RJO /AM /NET/SG;-;F196679;E;-;S;RIO DE JANEIRO;RIO DE JANEIRO;RIO DE JANEIRO;Recuperação (RC)
CPJ 0E5 IJA MBL OTS;QUALIDADE;MT-99;RAL-774024/2025;16/12/2025 - 11:27;230d.15h59m;10;RC/BHE /ES /NET/SG;-;;E;-;S;MINAS GERAIS;BELO HORIZONTE;BELO HORIZONTE;Recuperação (RC)
IXT 0DY SKV VIV OTS;QUALIDADE;MT-26;RAL-777266/2025;17/12/2025 - 12:32;281d.22h35m;5;RC/MNS /NO /NET/SG;-;;E;-;S;NORTE;MANAUS;MANAUS;Recuperação (RC)
MNS EM MNS SEW OTS;QUALIDADE;MT-01;RAL-6153/2026;05/01/2026 - 16:56;265d.14h57m;3;RC/MNS /NO /NET/SG;-;;E;-;S;NORTE;MANAUS;MANAUS;Recuperação (RC)
CXUABR STY FB OTS;QUALIDADE;CB-99;RAL-34031/2026;18/01/2026 - 18:56;204d.21h27m;4;RC/SLS /CE /NET/SG;-;;E;-;S;NORTE;SÃO LUÍS;SÃO LUÍS;Recuperação (RC)
SWAP WIKI DEU X ULNS;QUALIDADE;MT-99;RAL-36107/2026;19/01/2026 - 16:18;241d.01h43m;9;RC/SLS /CE /NET/SG;-;;E;-;S;NORTE;SÃO LUÍS;SÃO LUÍS;Recuperação (RC)
SLS US STY 0E0 OTS;QUALIDADE;MT-27;RAL-39331/2026;20/01/2026 - 17:19;50d.12h45m;9;RT/SLS /NO /MVA/FO;-;;E;-;S;NORTE;SÃO LUÍS;SÃO LUÍS;Recuperação (RC)
RCE BV RCE EAC OTS;QUALIDADE;MT-27;RAL-54802/2026;28/01/2026 - 11:15;222d.17h35m;5;RC/RCE /NE /NET/SG;-;;E;-;S;NORDESTE;RECIFE;RECIFE;Recuperação (RC)
SDZTDZ1 SMN MN1 OTS;QUALIDADE;MT-26;RAL-57062/2026;29/01/2026 - 10:19;238d.23h27m;4;RC/SLS /CE /NET/SG;-;;E;-;S;NORTE;SÃO LUÍS;SÃO LUÍS;Recuperação (RC)
BBEIC01 SLS US OTS;QUALIDADE;MT-01;RAL-71201/2026;04/02/2026 - 18:37;119d.17h30m;4;RC/SLS /CE /NET/SG;1;;E;-;S;NORTE;SÃO LUÍS;SÃO LUÍS;Recuperação (RC)
DVL APJ SDT JV OTS;QUALIDADE;MT-27;RAL-72901/2026;05/02/2026 - 12:31;158d.11h53m;8;RC/BHE /ES /NET/SG;-;;E;-;S;MINAS GERAIS;BELO HORIZONTE;BELO HORIZONTE;Recuperação (RC)
SWAP ALTAREDE MRC X SQR;QUALIDADE;MT-99;RAL-77975/2026;07/02/2026 - 19:07;232d.13h54m;3;RT/RJO /MTP/NET/FO;-;DAGOMES;E;-;S;RIO DE JANEIRO;METROPOLITANA;METROPOLITANA;Retirada (RT)
CDO RP CXUABR OTS;QUALIDADE;MT-27;RAL-78993/2026;08/02/2026 - 18:46;231d.14h04m;4;RC/SLS /CE /NET/SG;-;;E;-;S;NORTE;SÃO LUÍS;SÃO LUÍS;Recuperação (RC)
LAV AA SOE PRO OTS;QUALIDADE;MT-26;RAL-93381/2026;14/02/2026 - 00:38;226d.03h30m;5;RC/BHE /ES /NET/SG;-;;E;-;S;MINAS GERAIS;BELO HORIZONTE;BELO HORIZONTE;Recuperação (RC)
TCS BR VGA V3X OTS;QUALIDADE;CB-99;RAL-104008/2026;19/02/2026 - 17:06;220d.15h15m;4;RC/BHE /ES /NET/SG;-;;E;-;S;MINAS GERAIS;BELO HORIZONTE;BELO HORIZONTE;Recuperação (RC)
GRI CL4 VTA JM OTS;QUALIDADE;MT-26;RAL-116772/2026;25/02/2026 - 16:18;187d.00h18m;5;RC/VTA /JM /NET/SG;-;;E;-;S;ESPIRITO SANTO;VITÓRIA;VITÓRIA;Recuperação (RC)
SDR IT SOCERL B40W;QUALIDADE;MT-05;RAL-120082/2026;26/02/2026 - 17:14;213d.15h28m;4;RC/SDR /BA /NET/SG;-;;E;-;S;BAHIA/SERGIPE;SALVADOR;SALVADOR;Recuperação (RC)
MIC AT TPU JB OTS;QUALIDADE;MT-26;RAL-121779/2026;27/02/2026 - 12:44;212d.18h42m;4;RC/MNS /NO /NET/SG;-;;E;-;S;NORTE;MANAUS;MANAUS;Recuperação (RC)
NOF AMB TRL 0E8 OTS;QUALIDADE;MT-26;RAL-124777/2026;01/03/2026 - 13:20;169d.19h33m;4;RC/RJO /AM /NET/SG;-;;E;-;S;RIO DE JANEIRO;RIO DE JANEIRO;RIO DE JANEIRO;Recuperação (RC)
COS 01 PDU 010 OTS;QUALIDADE;MT-05;RAL-131741/2026;04/03/2026 - 11:15;207d.18h39m;4;RC/SLS /CE /NET/SG;-;;E;-;S;NORTE;SÃO LUÍS;SÃO LUÍS;Recuperação (RC)
CXUABR PDU 010 OTS;QUALIDADE;MT-05;RAL-131915/2026;04/03/2026 - 12:05;206d.11h50m;4;RC/SLS /CE /NET/SG;-;;E;-;S;NORTE;SÃO LUÍS;SÃO LUÍS;Recuperação (RC)
UBA CA VCS JSA OTS;QUALIDADE;MT-05;RAL-132636/2026;04/03/2026 - 15:11;207d.16h44m;6;RC/BHE /ES /NET/SG;-;;E;-;S;MINAS GERAIS;BELO HORIZONTE;BELO HORIZONTE;Recuperação (RC)
ANJ FC SIS KB OTS;QUALIDADE;MT-26;RAL-137195/2026;06/03/2026 - 11:40;205d.18h27m;5;RC/SLS /CE /NET/SG;-;;E;-;S;NORTE;SÃO LUÍS;SÃO LUÍS;Recuperação (RC)
AMM CL2 MPA GG OTS;QUALIDADE;MT-05;RAL-137815/2026;06/03/2026 - 15:31;205d.17h29m;6;RC/BLM /NO /NET/SG;-;;E;-;S;NORTE;BELÉM;BELÉM;Recuperação (RC)
SWAP ALTAREDE PTS X XERE;QUALIDADE;MT-99;RAL-139796/2026;07/03/2026 - 21:06;156d.23h19m;17;RT/RJO /BX1/NET/FO;-;DAGOMES;E;-;S;RIO DE JANEIRO;BAIXADA;BAIXADA;Retirada (RT)
CVZ LB MNS HZ OTS;QUALIDADE;MD-11;RAL-149972/2026;12/03/2026 - 10:31;199d.22h24m;4;RC/MNS /NO /NET/SG;-;;E;-;S;NORTE;MANAUS;MANAUS;Recuperação (RC)
PEP-EE.25005.03.;QUALIDADE;CB-99;RAL-163670/2026;18/03/2026 - 14:38;193d.18h30m;2;RC/BSA /CO /NET/FO;7;;E;-;S;CENTRO OESTE;BRASILIA;BRASILIA;Recuperação (RC)
MNS EM RPE C01 OTS;QUALIDADE;MT-05;RAL-183751/2026;27/03/2026 - 11:54;165d.22h48m;15;RC/MNS /NO /NET/SG;-;;E;-;S;NORTE;MANAUS;MANAUS;Recuperação (RC)
SWAP FO V.TAL SMN - SDZT;QUALIDADE;MT-05;RAL-191898/2026;31/03/2026 - 11:36;53d.23h20m;21;RT/SLS /NO /MVA/FO;-;;E;-;S;NORTE;SÃO LUÍS;SÃO LUÍS;Recuperação (RC)
CTE INT MCL DR OTS;QUALIDADE;MT-26;RAL-214166/2026;10/04/2026 - 09:03;158d.12h10m;5;RC/BHE /ES /NET/SG;-;;E;-;S;MINAS GERAIS;BELO HORIZONTE;BELO HORIZONTE;Recuperação (RC)
SWA FIBRA VIVO: NRI X MRC;QUALIDADE;MT-05;RAL-223322/2026;14/04/2026 - 15:41;166d.17h14m;3;RT/RJO /MTP/NET/FO;-;DAGOMES;E;-;S;RIO DE JANEIRO;METROPOLITANA;METROPOLITANA;Retirada (RT)
SWAP FIBRA V.TAL: ARCOS X;QUALIDADE;MT-05;RAL-223754/2026;14/04/2026 - 18:06;30d.22h55m;30;RT/RJO /CZS/NET/FO;-;;E;-;S;RIO DE JANEIRO;NORTE 3;NORTE 3;Retirada (RT)
GUR BR TLMAKB OTS;QUALIDADE;MD-11;RAL-224717/2026;15/04/2026 - 08:14;41d.01h58m;7;RT/PMJ /CO /NET/FO;-;;E;-;S;CENTRO OESTE;PALMAS;PALMAS;Retirada (RT)
PTS BR RJO EN OTS;QUALIDADE;MT-27;RAL-226489/2026;15/04/2026 - 17:57;165d.10h31m;7;RT/RJO /NO1/NET/FO;-;WGOMESA;E;-;S;RIO DE JANEIRO;NORTE 1;NORTE 1;Retirada (RT)
CIM BA GRI MC OTS;QUALIDADE;MT-99;RAL-227440/2026;16/04/2026 - 09:27;67d.15h40m;4;RT/VTA /SUL/FFA/FO;-;F196679;E;-;S;ESPIRITO SANTO;VITORIA;VITORIA;Retirada (RT)
RJO HL SERPBR OTS;QUALIDADE;MT-27;RAL-227996/2026;16/04/2026 - 11:52;13d.21h42m;27;RT/RJO /BX1/NET/FO;-;DAGOMES;E;-;S;RIO DE JANEIRO;BAIXADA;BAIXADA;Retirada (RT)
SLS US STY OI OTS;QUALIDADE;MD-11;RAL-228473/2026;16/04/2026 - 14:09;2d.20h01m;43;RC/SLS /CE /NET/SG;-;;E;-;S;NORTE;SÃO LUÍS;SÃO LUÍS;Recuperação (RC)
RJO EN SERPBR OTS;QUALIDADE;MT-27;RAL-228694/2026;16/04/2026 - 14:49;139d.20h41m;17;RT/RJO /BX1/NET/FO;-;DAGOMES;E;-;S;RIO DE JANEIRO;BAIXADA;BAIXADA;Retirada (RT)
RJO AM RJO EN OTS;QUALIDADE;MT-27;RAL-229452/2026;16/04/2026 - 18:38;75d.15h25m;10;RC/RJO /AM /NET/SG;-;;E;-;S;RIO DE JANEIRO;RIO DE JANEIRO;RIO DE JANEIRO;Recuperação (RC)
SERPBR VRD SC OTS;QUALIDADE;MT-27;RAL-230737/2026;17/04/2026 - 09:58;111d.20h25m;15;RC/RJO /AM /NET/SG;-;F196679;E;-;S;RIO DE JANEIRO;RIO DE JANEIRO;RIO DE JANEIRO;Recuperação (RC)
PBI PRB SERPBR OTS;QUALIDADE;MT-27;RAL-232015/2026;17/04/2026 - 17:12;103d.17h50m;33;RC/RJO /AM /NET/SG;-;;E;-;S;RIO DE JANEIRO;RIO DE JANEIRO;RIO DE JANEIRO;Recuperação (RC)
MCO MS VIS INT OTS;QUALIDADE;MT-26;RAL-234780/2026;20/04/2026 - 05:41;146d.13h32m;4;RC/MCO /NE /NET/SG;-;;E;-;S;NORDESTE;MACEIO;MACEIO;Recuperação (RC)
RJO AM RJO EN OTS;QUALIDADE;MT-27;RAL-235058/2026;20/04/2026 - 09:01;75d.15h30m;11;RC/RJO /AM /NET/SG;-;;E;-;S;RIO DE JANEIRO;RIO DE JANEIRO;RIO DE JANEIRO;Recuperação (RC)
CAVNMC CNA CL2 OTS;QUALIDADE;MT-05;RAL-240036/2026;22/04/2026 - 16:11;158d.11h02m;5;RC/VTA /JM /NET/SG;-;;E;-;S;ESPIRITO SANTO;VITÓRIA;VITÓRIA;Recuperação (RC)
SWAP ALTAREDE RJO - RJO;QUALIDADE;MT-99;RAL-240602/2026;22/04/2026 - 21:01;134d.03h03m;9;RT/RJO /NO1/NET/FO;-;WGOMESA;E;-;S;RIO DE JANEIRO;NORTE 1;NORTE 1;Retirada (RT)
PTS BR TRL 0E8 OTS;QUALIDADE;MT-26;RAL-262180/2026;02/05/2026 - 23:30;13d.01h54m;6;RC/RJO /AM /NET/SG;-;;E;-;S;RIO DE JANEIRO;RIO DE JANEIRO;RIO DE JANEIRO;Recuperação (RC)
IPRAN ES DMR04/ES DMR01;QUALIDADE;FO-99;RAL-265167/2026;04/05/2026 - 15:22;146d.17h37m;2;RT/VTA /MTS/FFA/FO;-;F196679;E;-;S;ESPIRITO SANTO;VITORIA;VITORIA;Retirada (RT)
LNS RVA SMT JN OTS;QUALIDADE;MT-05;RAL-267859/2026;05/05/2026 - 14:21;114d.13h18m;34;RT/VTA /NOR/FFA/FO;-;F196679;E;-;S;ESPIRITO SANTO;VITORIA;VITORIA;Retirada (RT)
NODE B RJSGO47X RJSGO09;QUALIDADE;CL-01;RAL-276252/2026;08/05/2026 - 11:51;142d.21h04m;2;RT/RJO /MTP/NET/FO;4;DAGOMES;E;-;S;RIO DE JANEIRO;METROPOLITANA;METROPOLITANA;Retirada (RT)
ARS PP PAT MC B40W;QUALIDADE;MT-27;RAL-279231/2026;09/05/2026 - 19:42;136d.18h09m;4;RC/RJO /AM /NET/SG;2;;E;-;S;RIO DE JANEIRO;RIO DE JANEIRO;RIO DE JANEIRO;Recuperação (RC)
RJO EN SERPBR OTS;QUALIDADE;MT-27;RAL-290722/2026;14/05/2026 - 14:29;136d.18h30m;3;RT/RJO /BX1/NET/FO;3;DAGOMES;E;-;S;RIO DE JANEIRO;BAIXADA;BAIXADA;Retirada (RT)
VAS TV VRD SC OTS;QUALIDADE;MT-27;RAL-291562/2026;14/05/2026 - 18:53;111d.20h20m;4;RC/RJO /AM /NET/SG;-;F196679;E;-;S;RIO DE JANEIRO;RIO DE JANEIRO;RIO DE JANEIRO;Recuperação (RC)
SWAP VIVO ANS X ABI;QUALIDADE;MT-99;RAL-294425/2026;15/05/2026 - 18:30;135d.14h28m;3;RT/GNA /CO /NET/FO;-;;E;-;S;CENTRO OESTE;GOIÂNIA;GOIÂNIA;Retirada (RT)
MESQV2E SERPBR OTS;QUALIDADE;MT-26;RAL-301374/2026;19/05/2026 - 16:05;131d.16h36m;6;RT/RJO /BX1/NET/FO;-;DAGOMES;E;-;S;RIO DE JANEIRO;BAIXADA;BAIXADA;Retirada (RT)
CDO RP CXUABR OTS;QUALIDADE;MT-26;RAL-304388/2026;20/05/2026 - 18:59;108d.22h35m;5;RT/CXUA/BR /MVA/FO;-;;E;-;S;Unknown;Unknown;Unknown;Unknown
BBI AC SDT JV OTS;QUALIDADE;MT-05;RAL-305708/2026;21/05/2026 - 10:48;129d.12h20m;4;RC/BHE /ES /NET/SG;-;;E;-;S;MINAS GERAIS;BELO HORIZONTE;BELO HORIZONTE;Recuperação (RC)
DQX TB RJO AM OTS;QUALIDADE;MT-25;RAL-308680/2026;22/05/2026 - 11:38;128d.20h59m;5;RT/RJO /NO1/NET/FO;1;WGOMESA;E;-;S;RIO DE JANEIRO;NORTE 1;NORTE 1;Retirada (RT)
NRI ITG TANGBR OTS;QUALIDADE;MT-27;RAL-309632/2026;22/05/2026 - 16:36;128d.16h21m;3;RT/RJO /MTP/NET/FO;-;DAGOMES;E;-;S;RIO DE JANEIRO;METROPOLITANA;METROPOLITANA;Retirada (RT)
BHE ES JML AL OTS;QUALIDADE;MT-05;RAL-314658/2026;25/05/2026 - 17:52;125d.13h59m;4;RC/BHE /ES /NET/SG;-;;E;-;S;MINAS GERAIS;BELO HORIZONTE;BELO HORIZONTE;Recuperação (RC)
RJO AM RJO EN OTS;QUALIDADE;MT-27;RAL-316770/2026;26/05/2026 - 12:36;75d.15h22m;4;RC/RJO /AM /NET/SG;-;;E;-;S;RIO DE JANEIRO;RIO DE JANEIRO;RIO DE JANEIRO;Recuperação (RC)
RJO AM RJO EN OTS;QUALIDADE;MT-27;RAL-316873/2026;26/05/2026 - 12:41;75d.15h19m;4;RC/RJO /AM /NET/SG;-;;E;-;S;RIO DE JANEIRO;RIO DE JANEIRO;RIO DE JANEIRO;Recuperação (RC)
BLM SZ BVS BR OTS;QUALIDADE;MT-27;RAL-319638/2026;27/05/2026 - 12:15;122d.23h39m;5;RC/BLM /NO /NET/SG;-;;E;-;S;NORTE;BELÉM;BELÉM;Recuperação (RC)
IUA LIV MAM JK OTS;QUALIDADE;MT-26;RAL-319813/2026;27/05/2026 - 13:24;122d.16h12m;6;RC/BHE /ES /NET/SG;-;;E;-;S;MINAS GERAIS;BELO HORIZONTE;BELO HORIZONTE;Recuperação (RC)
RJO EN SERPBR OTS;QUALIDADE;MT-26;RAL-320016/2026;27/05/2026 - 14:35;100d.23h29m;6;RT/RJO /BX1/NET/FO;2;DAGOMES;E;-;S;RIO DE JANEIRO;BAIXADA;BAIXADA;Retirada (RT)
BBL FO SIS KB OTS;QUALIDADE;MD-11;RAL-325357/2026;29/05/2026 - 11:28;121d.11h24m;4;RC/SLS /CE /NET/SG;-;;E;-;S;NORTE;SÃO LUÍS;SÃO LUÍS;Recuperação (RC)
SWAP FO VTAL: URM - FLA;QUALIDADE;MT-05;RAL-325364/2026;29/05/2026 - 11:30;40d.19h27m;12;RT/FLA /CE /NET/FO;-;;E;-;S;NORDESTE;FORTALEZA;FORTALEZA;Retirada (RT)
CGE FP GIH 0E0 OTS;QUALIDADE;MT-27;RAL-325443/2026;29/05/2026 - 11:40;121d.20h59m;4;RC/JPA /NE /NET/SG;-;;E;-;S;NORDESTE;JOÃO PESSOA;JOÃO PESSOA;Recuperação (RC)
ANAYVIV PCJ VIV OTS;QUALIDADE;MT-27;RAL-325910/2026;29/05/2026 - 13:54;121d.13h54m;10;RC/BLM /NO /NET/SG;-;;E;-;S;NORTE;BELÉM;BELÉM;Recuperação (RC)
BLM QB CAH BR OTS;QUALIDADE;MD-11;RAL-326407/2026;29/05/2026 - 16:42;121d.15h46m;4;RC/BLM /NO /NET/SG;1;;E;-;S;NORTE;BELÉM;BELÉM;Recuperação (RC)
SWAP V.TAL DGM - VIA;QUALIDADE;MT-99;RAL-340213/2026;05/06/2026 - 16:07;114d.16h10m;6;RT/VTA /MTS/FFA/FO;-;F196679;E;-;S;ESPIRITO SANTO;VITORIA;VITORIA;Retirada (RT)
SWAP FO V.TAL VNI - MAFL;QUALIDADE;MT-05;RAL-340439/2026;05/06/2026 - 17:36;114d.15h28m;3;RT/VTA /MTS/FFA/FO;-;F196679;E;-;S;ESPIRITO SANTO;VITORIA;VITORIA;Retirada (RT)
LAV AA VGA TG OTS;QUALIDADE;MT-05;RAL-345085/2026;08/06/2026 - 17:20;111d.15h07m;4;RC/BHE /ES /NET/SG;-;;E;-;S;MINAS GERAIS;BELO HORIZONTE;BELO HORIZONTE;Recuperação (RC)
JUN N90 MBA TM OTS;QUALIDADE;MT-99;RAL-350532/2026;10/06/2026 - 17:16;109d.15h38m;3;RC/BLM /NO /NET/SG;-;;E;-;S;NORTE;BELÉM;BELÉM;Recuperação (RC)
GRI MC VTA JM OTS;QUALIDADE;MT-05;RAL-350883/2026;10/06/2026 - 22:03;25d.09h53m;37;RT/VTA /MTN/FFA/FO;-;F196679;E;-;S;ESPIRITO SANTO;VITORIA;VITORIA;Retirada (RT)
AMS ALM DIS S02 OTS;QUALIDADE;MT-99;RAL-355602/2026;12/06/2026 - 15:56;2d.19h39m;6;RT/PMJ /CO /NET/FO;-;;E;-;S;CENTRO OESTE;PALMAS;PALMAS;Retirada (RT)
CXS VO TSA AN OTS;QUALIDADE;MT-05;RAL-355700/2026;12/06/2026 - 16:38;91d.14h53m;9;RC/SLS /CE /NET/SG;-;;E;-;S;NORTE;SÃO LUÍS;SÃO LUÍS;Recuperação (RC)
CAU CH SDR IT OTS;QUALIDADE;MT-05;RAL-359663/2026;15/06/2026 - 14:46;102d.13h13m;12;RC/SDR /BA /NET/SG;-;;E;-;S;BAHIA/SERGIPE;SALVADOR;SALVADOR;Recuperação (RC)
SWAP ALTAREDE MRC - NRI;QUALIDADE;FO-99;RAL-363360/2026;17/06/2026 - 01:18;103d.07h44m;3;RT/RJO /MTP/NET/FO;1;F196679;E;-;S;RIO DE JANEIRO;METROPOLITANA;METROPOLITANA;Retirada (RT)
EUS BR IMJ BR OTS;QUALIDADE;MT-05;RAL-364247/2026;17/06/2026 - 11:09;61d.15h03m;12;RC/SDR /BA /NET/SG;-;;E;-;S;BAHIA/SERGIPE;SALVADOR;SALVADOR;Recuperação (RC)
IMJ BR TAF BR OTS;QUALIDADE;MT-05;RAL-364264/2026;17/06/2026 - 11:11;39d.15h58m;9;RC/SDR /BA /NET/SG;-;;E;-;S;BAHIA/SERGIPE;SALVADOR;SALVADOR;Recuperação (RC)
SWAP ALTAREDE XERE X MONS;QUALIDADE;MT-99;RAL-368503/2026;18/06/2026 - 18:07;101d.14h57m;3;RT/RJO /BX1/NET/FO;-;DAGOMES;E;-;S;RIO DE JANEIRO;BAIXADA;BAIXADA;Retirada (RT)
BLM QB BLM SZ OTS;QUALIDADE;MD-11;RAL-370569/2026;19/06/2026 - 15:29;100d.17h34m;3;RC/BLM /NO /NET/SG;-;;E;-;S;NORTE;BELÉM;BELÉM;Recuperação (RC)
BVS BR SID BR OTS;QUALIDADE;MD-11;RAL-370670/2026;19/06/2026 - 16:01;100d.15h37m;4;RC/BLM /NO /NET/SG;-;;E;-;S;NORTE;BELÉM;BELÉM;Recuperação (RC)
NVODKB SIS KB OTS;QUALIDADE;MT-05;RAL-374930/2026;22/06/2026 - 13:37;97d.14h46m;3;RC/SLS /CE /NET/SG;-;;E;-;S;NORTE;SÃO LUÍS;SÃO LUÍS;Recuperação (RC)
SID BR SLPAKB OTS;QUALIDADE;MD-11;RAL-375152/2026;22/06/2026 - 14:52;97d.00h23m;3;RC/BLM /NO /NET/SG;-;;E;-;S;NORTE;BELÉM;BELÉM;Recuperação (RC)
NRI ITG RJO AM OTS;QUALIDADE;MT-05;RAL-375986/2026;22/06/2026 - 21:48;82d.19h17m;8;RT/RJO /MTP/NET/FO;-;F196679;E;-;S;RIO DE JANEIRO;METROPOLITANA;METROPOLITANA;Retirada (RT)
BLA CR RIH H01 OTS;QUALIDADE;MD-11;RAL-376587/2026;23/06/2026 - 08:51;97d.00h14m;3;RC/SLS /CE /NET/SG;-;;E;-;S;NORTE;SÃO LUÍS;SÃO LUÍS;Recuperação (RC)
ITZ RC PQIAFC OTS;QUALIDADE;MD-11;RAL-376875/2026;23/06/2026 - 10:11;96d.19h21m;3;RC/SLS /CE /NET/SG;-;;E;-;S;NORTE;SÃO LUÍS;SÃO LUÍS;Recuperação (RC)
MES QV2 RJO EN OTS;QUALIDADE;MT-05;RAL-378264/2026;23/06/2026 - 17:34;88d.16h46m;7;RT/RJO /BX1/NET/FO;-;DAGOMES;E;-;S;RIO DE JANEIRO;BAIXADA;BAIXADA;Retirada (RT)
RJO AM RJO HL OTS;QUALIDADE;MT-05;RAL-378603/2026;23/06/2026 - 22:23;81d.14h58m;7;RT/RJO /CZS/NET/FO;-;;E;-;S;RIO DE JANEIRO;NORTE 3;NORTE 3;Retirada (RT)
SWAP MICRON INW - SWJ;QUALIDADE;MT-99;RAL-379365/2026;24/06/2026 - 09:39;95d.23h18m;3;RT/VTA /NOR/FFA/FO;-;F196679;E;-;S;ESPIRITO SANTO;VITORIA;VITORIA;Retirada (RT)
RJO EN RJO NT0 OTS;QUALIDADE;MT-05;RAL-382912/2026;25/06/2026 - 14:06;20d.00h10m;22;RT/RJO /SU2/NET/FO;-;F196679;E;-;S;RIO DE JANEIRO;CENTRO SUL;CENTRO SUL;Retirada (RT)
RJO AM TANGBR OTS;QUALIDADE;MT-05;RAL-383235/2026;25/06/2026 - 15:51;94d.15h45m;4;RT/RJO /MTP/NET/FO;-;F196679;E;-;S;RIO DE JANEIRO;METROPOLITANA;METROPOLITANA;Retirada (RT)
SEZ KB URC KB OTS;QUALIDADE;MD-11;RAL-383291/2026;25/06/2026 - 16:13;93d.10h31m;4;RC/GNA /CO /NET/SG;-;;E;-;S;CENTRO OESTE;GOIÂNIA;GOIÂNIA;Recuperação (RC)
AMM ISO VTXUVIV OTS;QUALIDADE;MT-27;RAL-391100/2026;29/06/2026 - 18:30;90d.14h20m;4;RC/BLM /NO /NET/SG;-;;E;-;S;NORTE;BELÉM;BELÉM;Recuperação (RC)
SWAP DEGRADAÇÃ V.TAL TIG;QUALIDADE;MT-99;RAL-395141/2026;01/07/2026 - 10:13;13d.01h34m;13;RT/FLA /CE /NET/FO;-;;E;-;S;NORDESTE;FORTALEZA;FORTALEZA;Retirada (RT)
SWAP VIVO ALX X ABI;QUALIDADE;MT-99;RAL-396246/2026;01/07/2026 - 16:06;49d.00h23m;12;RT/GNA /CO /NET/FO;-;;E;-;S;CENTRO OESTE;GOIÂNIA;GOIÂNIA;Retirada (RT)
NZM INT RCE AM OTS;QUALIDADE;MT-05;RAL-396535/2026;01/07/2026 - 17:48;88d.14h13m;4;RC/RCE /NE /NET/SG;-;;E;-;S;NORDESTE;RECIFE;RECIFE;Recuperação (RC)
RJO EN RJO NT0 OTS;QUALIDADE;MT-99;RAL-399218/2026;02/07/2026 - 17:25;67d.12h07m;21;RT/RJO /NO2/NET/FO;-;F196679;E;-;S;RIO DE JANEIRO;NORTE 2;NORTE 2;Retirada (RT)
RJO EN RJO ST OTS;QUALIDADE;MT-99;RAL-399508/2026;02/07/2026 - 20:50;4d.17h35m;22;RT/RJO /NO2/NET/FO;2;;E;-;S;RIO DE JANEIRO;NORTE 2;NORTE 2;Retirada (RT)
SMJ EBTLINSMJ 0EELINB1S;QUALIDADE;FO-01;RAL-404800/2026;06/07/2026 - 10:30;83d.21h37m;3;RT/VTA /NOR/FFA/FO;-;F196679;E;-;S;ESPIRITO SANTO;VITORIA;VITORIA;Retirada (RT)
CRU CJV GUS 0EZ OTS;QUALIDADE;MT-05;RAL-405021/2026;06/07/2026 - 11:22;62d.15h48m;7;RC/RCE /NE /NET/SG;-;;E;-;S;NORDESTE;RECIFE;RECIFE;Recuperação (RC)
CEM EP JML AL OTS;QUALIDADE;MT-05;RAL-405246/2026;06/07/2026 - 12:43;83d.19h06m;3;RC/BHE /ES /NET/SG;-;;E;-;S;MINAS GERAIS;BELO HORIZONTE;BELO HORIZONTE;Recuperação (RC)
MCO MS SJJ INT OTS;QUALIDADE;MT-05;RAL-406048/2026;06/07/2026 - 17:12;82d.15h51m;4;RC/MCO /NE /NET/SG;-;;E;-;S;NORDESTE;MACEIO;MACEIO;Recuperação (RC)
SNO RF SSZ EL B40W;QUALIDADE;MT-27;RAL-411201/2026;08/07/2026 - 19:25;81d.13h39m;5;RC/CBA /CO /NET/SG;-;;E;-;S;CENTRO OESTE;CUIABA;CUIABA;Recuperação (RC)
SWAP TIM-GOIÂNIAXSENADORC;QUALIDADE;MT-99;RAL-414167/2026;10/07/2026 - 09:42;79d.23h15m;3;RT/GNA /CO /NET/FO;-;;E;-;S;CENTRO OESTE;GOIÂNIA;GOIÂNIA;Retirada (RT)
PTS BR RJO EN OTS;QUALIDADE;MT-05;RAL-415287/2026;10/07/2026 - 16:32;79d.16h30m;3;RT/RJO /BX1/NET/FO;-;DAGOMES;E;-;S;RIO DE JANEIRO;BAIXADA;BAIXADA;Retirada (RT)
IP RAN/RJ DQC91/RJ PET15;QUALIDADE;CL-05;RAL-416157/2026;11/07/2026 - 09:29;78d.23h23m;2;RT/RJO /BX1/NET/FO;-;DAGOMES;E;-;S;RIO DE JANEIRO;BAIXADA;BAIXADA;Retirada (RT)
NRI S30LINNRI 0W4LINB1S;QUALIDADE;CB-99;RAL-422011/2026;14/07/2026 - 11:48;75d.21h21m;1;RT/RJO /MTP/NET/FO;-;F196679;E;-;S;RIO DE JANEIRO;METROPOLITANA;METROPOLITANA;Retirada (RT)
CAVNMC VTA JM OTS;QUALIDADE;MT-27;RAL-425564/2026;15/07/2026 - 18:25;73d.17h15m;6;RC/RJO /AM /NET/SG;-;;E;-;S;RIO DE JANEIRO;RIO DE JANEIRO;RIO DE JANEIRO;Recuperação (RC)
SWAP ALTAREDE XERE - RJO;QUALIDADE;MT-99;RAL-427532/2026;16/07/2026 - 15:28;73d.17h37m;3;RT/RJO /BX1/NET/FO;-;DAGOMES;E;-;S;RIO DE JANEIRO;BAIXADA;BAIXADA;Retirada (RT)
RJOCGDAGOLT01_RJCAG31_ P0;QUALIDADE;FO-05;RAL-427846/2026;16/07/2026 - 17:10;73d.15h52m;3;RT/RJO /OE1/NET/FO;1;F196679;E;-;S;RIO DE JANEIRO;CENTRO SUL;CENTRO SUL;Retirada (RT)
CBU RD CPS CL OTS;QUALIDADE;MT-05;RAL-428156/2026;16/07/2026 - 20:55;30d.12h35m;17;RT/RJO /NOF/NET/FO;-;F196679;E;-;S;RIO DE JANEIRO;NORTE FLUMINENSE;NORTE FLUMINENSE;Retirada (RT)
IZA BR VRD BV OTS;QUALIDADE;MT-05;RAL-428216/2026;16/07/2026 - 22:14;13d.01h51m;7;RC/RJO /AM /NET/SG;-;;E;-;S;RIO DE JANEIRO;RIO DE JANEIRO;RIO DE JANEIRO;Recuperação (RC)
RJO AM TANGBR B40W;QUALIDADE;MT-27;RAL-429486/2026;17/07/2026 - 10:41;72d.18h43m;3;RC/RJO /AM /NET/SG;-;;E;-;S;RIO DE JANEIRO;RIO DE JANEIRO;RIO DE JANEIRO;Recuperação (RC)
RJO AM RJO PE2 OTS;QUALIDADE;FO-01;RAL-429576/2026;17/07/2026 - 12:37;72d.20h16m;3;RT/RJO /NO3/PCS/FO;-;F196679;E;-;S;RIO DE JANEIRO;NORTE 3;NORTE 3;Retirada (RT)
PERDA SUPERV: M3T10475.47;QUALIDADE;SV-02;RAL-434228/2026;20/07/2026 - 11:04;69d.20h59m;4;RT/RJO /NO3/PCS/FO;-;F196679;E;-;S;RIO DE JANEIRO;NORTE 3;NORTE 3;Retirada (RT)
SWAP K2 MGB X VIMU;QUALIDADE;MT-99;RAL-437846/2026;21/07/2026 - 16:42;29d.16h58m;6;RT/RJO /SUF/NET/FO;-;F196679;E;-;S;RIO DE JANEIRO;SUL FLUMINENSE;SUL FLUMINENSE;Retirada (RT)
SWAP V.TAL CRN - RIH;QUALIDADE;MT-99;RAL-439428/2026;22/07/2026 - 11:22;67d.21h21m;5;RC/SLS /CE /NET/SG;-;;E;-;S;NORTE;SÃO LUÍS;SÃO LUÍS;Recuperação (RC)
SWAL ALTAREDE (SERP,RJO);QUALIDADE;MT-99;RAL-441003/2026;23/07/2026 - 00:31;67d.08h29m;3;RT/RJO /BX1/NET/FO;-;DAGOMES;E;-;S;RIO DE JANEIRO;BAIXADA;BAIXADA;Retirada (RT)
SWAP V.TAL CNL - BCA;QUALIDADE;MT-99;RAL-442548/2026;23/07/2026 - 14:03;66d.18h28m;6;RT/CNL /AK /FFA/FO;-;;E;-;S;MINAS GERAIS;CONSELHEIRO LAFAIETE;CONSELHEIRO LAFAIETE;Retirada (RT)
SWAP V.TAL BLA X SMN;QUALIDADE;MT-99;RAL-445492/2026;24/07/2026 - 15:30;65d.17h22m;5;RC/SLS /CE /NET/SG;-;;E;-;S;NORTE;SÃO LUÍS;SÃO LUÍS;Recuperação (RC)
VTA DM VTA JM B10G;QUALIDADE;FO-01;RAL-450332/2026;27/07/2026 - 15:42;62d.17h23m;3;RT/VTA /MTN/FFA/FO;-;F196679;E;-;S;ESPIRITO SANTO;VITORIA;VITORIA;Retirada (RT)
SWAP VIVO NRI X NRI;QUALIDADE;MT-99;RAL-453880/2026;28/07/2026 - 17:50;61d.15h08m;3;RT/RJO /MTP/NET/FO;-;F196679;E;-;S;RIO DE JANEIRO;METROPOLITANA;METROPOLITANA;Retirada (RT)
SWAP VIVO SJB X CPS;QUALIDADE;MT-99;RAL-458856/2026;30/07/2026 - 10:11;9d.19h58m;20;RT/RJO /NOF/NET/FO;-;F196679;E;-;S;RIO DE JANEIRO;NORTE FLUMINENSE;NORTE FLUMINENSE;Retirada (RT)
SWAP DEGRADAÇÃO VIVO IIG;QUALIDADE;MT-99;RAL-462627/2026;31/07/2026 - 13:17;58d.19h40m;3;RT/GVS /JK /FFA/FO;-;;E;-;S;MINAS GERAIS;GOVERNADOR VALADARES;GOVERNADOR VALADARES;Retirada (RT)
IUB BR ULA MA B40W;QUALIDADE;MT-26;RAL-463302/2026;31/07/2026 - 15:36;58d.17h27m;7;RC/BHE /ES /NET/SG;-;;E;-;S;MINAS GERAIS;BELO HORIZONTE;BELO HORIZONTE;Recuperação (RC)
SWAP V.TAL ALX - SADD;QUALIDADE;MT-99;RAL-463423/2026;31/07/2026 - 16:02;58d.17h00m;3;RC/BSA /CO /NET/FO;-;;E;-;S;CENTRO OESTE;BRASILIA;BRASILIA;Recuperação (RC)
AGNPFC ITZ RC OTS;QUALIDADE;MT-05;RAL-467867/2026;03/08/2026 - 12:45;55d.15h46m;4;RC/SLS /CE /NET/SG;-;;E;-;S;NORTE;SÃO LUÍS;SÃO LUÍS;Recuperação (RC)
SWAP V.TAL BHE X CNL;QUALIDADE;MT-99;RAL-471142/2026;04/08/2026 - 15:25;54d.17h29m;3;RT/BHE /ES /FFA/FO;-;;E;-;S;MINAS GERAIS;BELO HORIZONTE;BELO HORIZONTE;Retirada (RT)
SWAP MICRON STA*SJM;QUALIDADE;MT-99;RAL-473018/2026;05/08/2026 - 10:57;53d.21h53m;3;RT/VTA /NOR/FFA/FO;-;F196679;E;-;S;ESPIRITO SANTO;VITORIA;VITORIA;Retirada (RT)
RJO ENLINERJO 8LGLINB1S;QUALIDADE;MT-99;RAL-473682/2026;05/08/2026 - 13:31;53d.02h02m;11;RT/RJO /NO1/NET/FO;-;WGOMESA;E;-;S;RIO DE JANEIRO;NORTE 1;NORTE 1;Retirada (RT)
SWAP DEGRAÇÃO V.TAL JOTB;QUALIDADE;MT-99;RAL-479701/2026;07/08/2026 - 14:19;51d.18h30m;3;RT/SLS /NO /MVA/FO;-;;E;-;S;NORTE;SÃO LUÍS;SÃO LUÍS;Recuperação (RC)
RJO EN SERPBR B40W;QUALIDADE;FO-04;RAL-486121/2026;11/08/2026 - 09:15;47d.20h28m;4;RT/RJO /NO2/NET/FO;-;;E;-;S;RIO DE JANEIRO;NORTE 2;NORTE 2;Retirada (RT)
RJOPNHACOLT01_RJPNH18_P02;QUALIDADE;FO-05;RAL-491561/2026;13/08/2026 - 07:36;46d.01h24m;3;RT/RJO /NO1/NET/FO;-;WGOMESA;E;-;S;RIO DE JANEIRO;NORTE 1;NORTE 1;Retirada (RT)
RJOPNHABOLT01_RJPNH04_P02;QUALIDADE;FO-05;RAL-491576/2026;13/08/2026 - 07:47;46d.01h14m;3;RT/RJO /NO1/NET/FO;-;WGOMESA;E;-;S;RIO DE JANEIRO;NORTE 1;NORTE 1;Retirada (RT)
SWAP VTAL CRT - LZA;QUALIDADE;MT-99;RAL-492526/2026;13/08/2026 - 12:57;33d.23h19m;8;RC/BSA /CO /NET/FO;-;;E;-;S;CENTRO OESTE;BRASILIA;BRASILIA;Recuperação (RC)
SWAP V.TAL VRD X QUEA;QUALIDADE;MT-99;RAL-492623/2026;13/08/2026 - 13:40;45d.19h18m;7;RT/RJO /SUF/NET/FO;-;F196679;E;-;S;RIO DE JANEIRO;SUL FLUMINENSE;SUL FLUMINENSE;Retirada (RT)
ITZ RC PQIAFC OTS;QUALIDADE;MT-05;RAL-493389/2026;13/08/2026 - 17:26;13d.22h20m;11;RC/SLS /CE /NET/SG;-;;E;-;S;NORTE;SÃO LUÍS;SÃO LUÍS;Recuperação (RC)
SWAP V.TAL FLA X SGA;QUALIDADE;MT-99;RAL-494083/2026;14/08/2026 - 04:08;45d.04h59m;3;RT/FLA /CE /NET/FO;-;;E;-;S;NORDESTE;FORTALEZA;FORTALEZA;Retirada (RT)
RBT FM TANGBR OTS;QUALIDADE;MT-05;RAL-495898/2026;14/08/2026 - 17:05;44d.16h01m;2;RT/RJO /MTP/NET/FO;1;F196679;E;-;S;RIO DE JANEIRO;METROPOLITANA;METROPOLITANA;Retirada (RT)
GNA RD JRG KB OTS;QUALIDADE;MT-05;RAL-496038/2026;14/08/2026 - 18:27;13d.19h08m;10;RT/GNA /CO /NET/FO;-;;E;-;S;CENTRO OESTE;GOIÂNIA;GOIÂNIA;Retirada (RT)
PTS BR RJO EN OTS;QUALIDADE;MT-26;RAL-497049/2026;15/08/2026 - 11:26;43d.21h30m;4;RT/RJO /BX1/NET/FO;-;DAGOMES;E;-;S;RIO DE JANEIRO;BAIXADA;BAIXADA;Retirada (RT)
FTM BR GUR BR OTS;QUALIDADE;MT-05;RAL-501526/2026;17/08/2026 - 21:45;41d.11h08m;5;RT/PMJ /CO /NET/FO;-;;E;-;S;CENTRO OESTE;PALMAS;PALMAS;Retirada (RT)
SWAP DEGRADAÇÃO VIVO VIA;QUALIDADE;MT-99;RAL-504117/2026;18/08/2026 - 17:20;40d.15h43m;3;RT/VTA /MTS/FFA/FO;-;F196679;E;-;S;ESPIRITO SANTO;VITORIA;VITORIA;Retirada (RT)
NODE B RJSJM28 X RJPAV09;QUALIDADE;CL-01;RAL-505353/2026;19/08/2026 - 09:36;39d.23h19m;2;RT/RJO /BX1/NET/FO;1;DAGOMES;E;-;S;RIO DE JANEIRO;BAIXADA;BAIXADA;Retirada (RT)
ADMU_DQXNAS-01;QUALIDADE;SV-02;RAL-506583/2026;19/08/2026 - 15:23;38d.18h30m;12;RT/RJO /CZS/NET/FO;-;;E;-;S;RIO DE JANEIRO;NORTE 3;NORTE 3;Retirada (RT)
SWAP V.TAL DEGRADAÇÃO SAM;QUALIDADE;MT-99;RAL-511275/2026;21/08/2026 - 11:03;37d.21h50m;3;RC/BSA /CO /NET/FO;-;;E;-;S;CENTRO OESTE;BRASILIA;BRASILIA;Recuperação (RC)
SWAP VIVO (BND,CPE);QUALIDADE;MT-99;RAL-518646/2026;24/08/2026 - 22:31;34d.10h35m;3;RT/CPE /CO /NET/FO;-;;E;-;S;CENTRO OESTE;CAMPO GRANDE;CAMPO GRANDE;Retirada (RT)
SWAP VIVO DEGRAÇÃO SYW X;QUALIDADE;MT-99;RAL-523362/2026;26/08/2026 - 12:04;32d.20h45m;4;RT/CPE /CO /NET/FO;-;;E;-;S;CENTRO OESTE;CAMPO GRANDE;CAMPO GRANDE;Retirada (RT)
25_RJOSLA-01;QUALIDADE;MT-99;RAL-529892/2026;28/08/2026 - 16:21;30d.16h44m;2;RT/RJO /CZS/NET/FO;-;;E;-;S;RIO DE JANEIRO;NORTE 3;NORTE 3;Retirada (RT)
4ª VIA HUB CPG;QUALIDADE;FO-99;RAL-532581/2026;30/08/2026 - 15:42;28d.17h19m;3;RT/RJO /OE1/NET/FO;-;F196679;E;-;S;RIO DE JANEIRO;CENTRO SUL;CENTRO SUL;Retirada (RT)
SWAP ALLOHA CCA - GRI;QUALIDADE;MT-99;RAL-533247/2026;31/08/2026 - 07:49;28d.01h09m;3;RT/VTA /MTS/FFA/FO;-;F196679;E;-;S;ESPIRITO SANTO;VITORIA;VITORIA;Retirada (RT)
MGE C04 NRI MPA OTS;QUALIDADE;MT-05;RAL-535426/2026;31/08/2026 - 18:06;27d.14h48m;3;RT/RJO /BX1/NET/FO;-;DAGOMES;E;-;S;RIO DE JANEIRO;BAIXADA;BAIXADA;Retirada (RT)
JPA LM JPA TR PROT;QUALIDADE;FO-05;RAL-536689/2026;01/09/2026 - 09:24;26d.00h01m;6;RT/JPA /NE /NET/FO;-;;E;-;S;NORDESTE;JOÃO PESSOA;JOÃO PESSOA;Retirada (RT)
SWAP VIVO - SANTA TERESA;QUALIDADE;MT-99;RAL-540501/2026;02/09/2026 - 12:29;25d.20h28m;3;RT/VTA /NOR/FFA/FO;-;F196679;E;-;S;ESPIRITO SANTO;VITORIA;VITORIA;Retirada (RT)
RJO EN RJO ST OTS;QUALIDADE;MT-26;RAL-540530/2026;02/09/2026 - 12:36;25d.19h46m;4;RT/RJO /NO2/NET/FO;-;;E;-;S;RIO DE JANEIRO;NORTE 2;NORTE 2;Retirada (RT)
SWAP VIVO DEGRADAÇÃO TRL;QUALIDADE;MT-99;RAL-542921/2026;03/09/2026 - 10:02;0d.23h32m;8;RT/RJO /SEF/NET/FO;-;;E;-;S;RIO DE JANEIRO;SERRA;SERRA;Retirada (RT)
CNA CL2 GVS JK OTS;QUALIDADE;MT-26;RAL-543417/2026;03/09/2026 - 12:07;24d.18h52m;5;RT/VTA /NOR/FFA/FO;-;F196679;E;-;S;ESPIRITO SANTO;VITORIA;VITORIA;Retirada (RT)
MNS UD0LINMNS 10CLINVC4S;QUALIDADE;MT-26;RAL-548454/2026;05/09/2026 - 03:57;23d.04h46m;3;RT/MNS /NO /NET/FO;-;;E;-;S;NORTE;MANAUS;MANAUS;Retirada (RT)
GVS JK IIG LV OTS;QUALIDADE;MT-27;RAL-549478/2026;05/09/2026 - 20:13;13d.23h36m;4;RC/BHE /ES /NET/SG;1;;E;-;S;MINAS GERAIS;BELO HORIZONTE;BELO HORIZONTE;Recuperação (RC)
GVS JK IIG LV OTS;QUALIDADE;MT-27;RAL-549492/2026;05/09/2026 - 20:36;13d.23h34m;4;RC/BHE /ES /NET/SG;-;;E;-;S;MINAS GERAIS;BELO HORIZONTE;BELO HORIZONTE;Recuperação (RC)
SWAP VTAL - HUMAITA X MAN;QUALIDADE;MT-99;RAL-553425/2026;08/09/2026 - 15:23;19d.16h49m;5;RT/MNS /NO /NET/FO;-;;E;-;S;NORTE;MANAUS;MANAUS;Retirada (RT)
CVZ LB MNS EM B40W;QUALIDADE;MT-05;RAL-555357/2026;09/09/2026 - 10:26;18d.21h02m;3;RT/MNS /NO /NET/FO;-;;E;-;S;NORTE;MANAUS;MANAUS;Retirada (RT)
SWAP V.TAL TSA X CRA;QUALIDADE;MT-99;RAL-556809/2026;09/09/2026 - 17:18;18d.15h37m;3;RT/TSA /CE /NET/FO;-;;E;-;S;NORDESTE;TERESINA;TERESINA;Retirada (RT)
SWAP K2 DEGRADAÇÃO SMJ X;QUALIDADE;MT-99;RAL-558820/2026;10/09/2026 - 11:49;17d.21h05m;3;RT/VTA /NOR/FFA/FO;-;F196679;E;-;S;ESPIRITO SANTO;VITORIA;VITORIA;Retirada (RT)
SWAP VIVO GRI X VVA;QUALIDADE;MT-99;RAL-562498/2026;11/09/2026 - 15:42;16d.17h22m;3;RT/VTA /MTS/FFA/FO;-;F196679;E;-;S;ESPIRITO SANTO;VITORIA;VITORIA;Retirada (RT)
CPE CMLINECPE 8NALINB0480;QUALIDADE;MT-26;RAL-563033/2026;11/09/2026 - 18:40;12d.13h55m;6;RT/CPE /CO /NET/FO;-;;E;-;S;CENTRO OESTE;CAMPO GRANDE;CAMPO GRANDE;Retirada (RT)
PEERING RJOXMESQ ROTA 01;QUALIDADE;FO-99;RAL-564139/2026;12/09/2026 - 10:55;15d.22h05m;3;RT/RJO /BX1/NET/FO;1;DAGOMES;E;-;S;RIO DE JANEIRO;BAIXADA;BAIXADA;Retirada (RT)
DM4270_DQXC91-02 TE1/1/1;QUALIDADE;CD-99;RAL-566211/2026;14/09/2026 - 06:51;14d.01h47m;5;RT/RJO /BX1/NET/FO;-;DAGOMES;E;-;S;RIO DE JANEIRO;BAIXADA;BAIXADA;Retirada (RT)
SWAP BRDIGITAL BND X CPE;QUALIDADE;MT-05;RAL-568109/2026;14/09/2026 - 17:19;13d.15h45m;3;RT/CPE /CO /NET/FO;-;;E;-;S;CENTRO OESTE;CAMPO GRANDE;CAMPO GRANDE;Retirada (RT)
JPI FA PEE JB OTS;QUALIDADE;MT-05;RAL-570959/2026;15/09/2026 - 17:50;11d.21h14m;6;RC/BHE /ES /NET/SG;-;;E;-;S;MINAS GERAIS;BELO HORIZONTE;BELO HORIZONTE;Recuperação (RC)
RJO 1SG RJO 1SG LU;QUALIDADE;MT-08;RAL-572169/2026;16/09/2026 - 09:44;10d.02h29m;9;RT/RJO /NO3/PCS/FO;-;;E;-;S;RIO DE JANEIRO;NORTE 3;NORTE 3;Retirada (RT)
FSA SC5 SDR IT OTS;QUALIDADE;MT-05;RAL-573627/2026;16/09/2026 - 16:34;11d.16h23m;3;RC/SDR /BA /NET/SG;-;;E;-;S;BAHIA/SERGIPE;SALVADOR;SALVADOR;Recuperação (RC)
SDR IT SOCERL OTS;QUALIDADE;MT-05;RAL-573757/2026;16/09/2026 - 17:03;11d.15h58m;3;RC/SDR /BA /NET/SG;-;;E;-;S;BAHIA/SERGIPE;SALVADOR;SALVADOR;Recuperação (RC)
CTUJ0DY PDP BR OTS;QUALIDADE;MT-99;RAL-574113/2026;16/09/2026 - 19:43;11d.13h09m;4;RT/GVS /JK /FFA/FO;-;;E;-;S;MINAS GERAIS;GOVERNADOR VALADARES;GOVERNADOR VALADARES;Retirada (RT)
BRK BJ FLA PV OTS;QUALIDADE;MT-05;RAL-576957/2026;17/09/2026 - 18:31;9d.20h34m;4;RT/FLA /CE /NET/FO;-;;E;-;S;NORDESTE;FORTALEZA;FORTALEZA;Retirada (RT)
VTA JM VTA PTB OTS;QUALIDADE;MT-04;RAL-578465/2026;18/09/2026 - 11:31;9d.21h20m;3;RT/VTA /MTN/FFA/FO;-;F196679;E;-;S;ESPIRITO SANTO;VITORIA;VITORIA;Retirada (RT)
ARI KM IDM ER OTS;QUALIDADE;MT-05;RAL-579544/2026;18/09/2026 - 16:46;6d.11h59m;6;RC/BHE /ES /NET/SG;-;;E;-;S;MINAS GERAIS;BELO HORIZONTE;BELO HORIZONTE;Recuperação (RC)
GVS JK IIG LV OTS;QUALIDADE;MT-05;RAL-581063/2026;19/09/2026 - 15:46;7d.23h18m;4;RC/BHE /ES /NET/SG;-;;E;-;S;MINAS GERAIS;BELO HORIZONTE;BELO HORIZONTE;Recuperação (RC)
CLV FS CLV 0ED OTS;QUALIDADE;CB-99;RAL-582256/2026;20/09/2026 - 14:29;7d.18h31m;3;RC/GNA /CO /NET/SG;-;;E;-;S;CENTRO OESTE;GOIÂNIA;GOIÂNIA;Recuperação (RC)
SWAP V.TAL - EUS X PGU;QUALIDADE;MT-99;RAL-582526/2026;20/09/2026 - 19:15;7d.13h39m;3;RT/ITB /BR /SUL/FO;-;;E;-;S;BAHIA/SERGIPE;ITABUNA;ITABUNA;Retirada (RT)
NODE B/RJ DQC85/RJ DQC63;QUALIDADE;CL-05;RAL-584638/2026;21/09/2026 - 13:10;6d.19h52m;2;RT/RJO /BX1/NET/FO;-;DAGOMES;E;-;S;RIO DE JANEIRO;BAIXADA;BAIXADA;Retirada (RT)
SEZ KB TLMAKB OTS;QUALIDADE;MT-05;RAL-585689/2026;21/09/2026 - 17:39;5d.23h40m;6;RT/PMJ /CO /NET/FO;-;;E;-;S;CENTRO OESTE;PALMAS;PALMAS;Retirada (RT)
SEZ KB TLMAKB OTS;QUALIDADE;MT-05;RAL-585689/2026;21/09/2026 - 17:39;3d.23h51m;9;RT/GNA /CO /NET/FO;-;;E;-;S;CENTRO OESTE;GOIÂNIA;GOIÂNIA;Retirada (RT)
SWAP VIVO AMA X IGGR;QUALIDADE;MT-99;RAL-588907/2026;22/09/2026 - 16:53;5d.16h07m;3;RT/RJO /LGS/NET/FO;-;;E;-;S;RIO DE JANEIRO;RIO DE JANEIRO;RIO DE JANEIRO;Retirada (RT)
CIM UPHLINIEM 0E2LINVC4S;QUALIDADE;FO-01;RAL-589253/2026;22/09/2026 - 19:46;5d.13h19m;2;RT/VTA /SUL/FFA/FO;-;F196679;E;-;S;ESPIRITO SANTO;VITORIA;VITORIA;Retirada (RT)
SWAP CCA X VVA;QUALIDADE;MT-99;RAL-590359/2026;23/09/2026 - 10:46;4d.22h05m;3;RT/VTA /MTS/FFA/FO;-;F196679;E;-;S;ESPIRITO SANTO;VITORIA;VITORIA;Retirada (RT)
SWAP VIVO RRR*CPE;QUALIDADE;MT-99;RAL-590577/2026;23/09/2026 - 11:45;4d.21h06m;3;RT/CPE /CO /NET/FO;-;;E;-;S;CENTRO OESTE;CAMPO GRANDE;CAMPO GRANDE;Retirada (RT)
IUB PM RVD FL OTS;QUALIDADE;MT-27;RAL-590889/2026;23/09/2026 - 13:30;4d.19h35m;4;RT/GNA /CO /NET/FO;-;;E;-;S;CENTRO OESTE;GOIÂNIA;GOIÂNIA;Retirada (RT)
AGNPFC CRN CAR OTS;QUALIDADE;CB-99;RAL-593250/2026;24/09/2026 - 09:28;3d.23h32m;3;RT/SLS /NO /MVA/FO;-;;E;-;S;NORTE;SÃO LUÍS;SÃO LUÍS;Recuperação (RC)
CBACBAAFOLT01;QUALIDADE;FO-01;RAL-593922/2026;24/09/2026 - 11:52;2d.15h53m;4;RT/CBA /CO /NET/FO;-;;E;-;S;CENTRO OESTE;CUIABA;CUIABA;Retirada (RT)
ALH TPY ESA INT OTS;QUALIDADE;MT-05;RAL-593977/2026;24/09/2026 - 12:04;2d.21h19m;8;RC/SDR /BA /NET/SG;-;;E;-;S;BAHIA/SERGIPE;SALVADOR;SALVADOR;Recuperação (RC)
BSBPLTAEOLT01;QUALIDADE;FO-01;RAL-595526/2026;24/09/2026 - 22:44;3d.10h24m;2;RC/BSA /CO /NET/FO;-;;E;-;S;CENTRO OESTE;BRASILIA;BRASILIA;Recuperação (RC)
LINK AME X PAM;QUALIDADE;FO-99;RAL-597364/2026;25/09/2026 - 13:33;2d.19h29m;3;RT/BHE /ES /FFA/FO;-;;E;-;S;MINAS GERAIS;BELO HORIZONTE;BELO HORIZONTE;Retirada (RT)
SWAP 67 TELECOM CPE X ANH;QUALIDADE;MT-99;RAL-597405/2026;25/09/2026 - 13:46;2d.19h15m;3;RT/CPE /CO /NET/FO;-;;E;-;S;CENTRO OESTE;CAMPO GRANDE;CAMPO GRANDE;Retirada (RT)
WAP ALLOHA PIBT X RJO;QUALIDADE;CT-99;RAL-598376/2026;25/09/2026 - 19:58;2d.13h09m;3;RT/RJO /BX1/NET/FO;1;DAGOMES;E;-;S;RIO DE JANEIRO;BAIXADA;BAIXADA;Retirada (RT)
VCA 0IFLINVCA 0K8LINVC4S;QUALIDADE;MT-26;RAL-600274/2026;27/09/2026 - 10:07;0d.22h36m;3;RT/VCA /TN /SUL/FO;-;;E;-;S;BAHIA/SERGIPE;VITORIA DA CONQUISTA;VITORIA DA CONQUISTA;Retirada (RT)
NODE B APSQA02 X APMPA91;QUALIDADE;CB-99;RAL-601574/2026;28/09/2026 - 07:41;0d.01h27m;2;RT/MPA /NO /NET/FO;-;;E;-;S;NORTE;MACAPA;MACAPA;Retirada (RT)
