ID;Prioridade;Num.Recup.;Cliente;Designação;Abertura;CF Exec.;Resp.;Técnico
1;48540;REC-558252/2026;MESSER GASES;CEM/IP/05477;10/09/2026 09:25;RT/BHE /ES /FFA/FO;C;
2;46220;REC-524124/2026;PRODERJ;RJO/IP/43362;26/08/2026 15:59;RC/RJO /NO2/NET/BS;E;
3;37080;REC-539091/2026;IMIFARMA;RCE/IP/20605;02/09/2026 00:25;RT/RCE /NE /NET/FO;C;
4;36280;REC-540981/2026;MDCOMUNICACOES;RJO/IP/42476;02/09/2026 14:56;RC/RJO /NO2/NET/BS;E;
5;35380;REC-598856/2026;ITAU;MNS/IP/07637;26/09/2026 05:50;RT/MNS /NO /NET/FO;C;
6;22070;REC-587720/2026;FERMA R;VLN/PVN/9421013700;22/09/2026 11:56;RT/MBA /QE /ETG/FO;C;
7;20490;REC-594509/2026;VLR 122811431;2732020130;24/09/2026 14:54;RT/VTA /MTS/FFA/FO;C;
8;18990;REC-585290/2026;SEMED;VLN/PVN/7134934306;21/09/2026 15:46;RT/SDR /BA /JL /AD;E;
9;18980;REC-600106/2026;VERIZON;RJO ODL/SPO MB/DP*V/0001;27/09/2026 06:27;RT/RJO /SU2/NET/FO;E;
10;15180;REC-597908/2026;BKBRASIL;VTA/IP/06693;25/09/2026 16:21;MU/VTA /JM /MDU/BS;E;LESANPS
11;12260;REC-587024/2026;ECT;SMJ/IP/00120;22/09/2026 09:10;RT/VTA /NOR/FFA/FO;E;ALINELA
12;10820;REC-599523/2026;04958554;RJO/IP/39280;26/09/2026 15:30;RT/RJO /NO2/NET/FO;E;
13;9820;REC-599368/2026;TELMEX BRASIL;SDR/IP/033945;26/09/2026 13:27;MU/SDR /BA /MDU/BS;E;LESANPS
14;9600;REC-596543/2026;VLR 146576655;MNS/IP/08208;25/09/2026 10:08;RT/MNS /NO /NET/FO;C;
15;6160;REC-597020/2026;NEXTEL TELECO;RJO QCU/RJO HR7/DP*V/0002;25/09/2026 11:50;RT/RJO /SU2/NET/FO;E;
16;5800;REC-593675/2026;ECT;JUT/IP/00115;24/09/2026 10:55;RT/MNS /NO /NET/FO;C;
17;5400;REC-595020/2026;VIA VAREJO;ROI/IP/00699;24/09/2026 16:59;RT/CBA /CO /NET/FO;C;
18;5200;REC-595292/2026;VIADIRETA;MNS/IP/03077;24/09/2026 19:06;RT/MNS /NO /NET/FO;C;
19;4540;REC-596580/2026;REDE CACULA;DQX/IP/12350;25/09/2026 10:17;RT/RJO /BX1/NET/FO;C;
20;4520;REC-596495/2026;CEF;ROI/IP/01266;25/09/2026 09:50;RT/CBA /CO /NET/FO;C;
21;4420;REC-596561/2026;MPMT;AFL/IP/00171;25/09/2026 10:12;RT/CBA /CO /NET/FO;C;
22;4300;REC-597077/2026;OI S.A.;DQX/IP/12388;25/09/2026 12:06;RT/RJO /BX1/NET/FO;C;
23;4280;REC-596401/2026;TEC BANCARIA;MNS/IP/03444;25/09/2026 09:28;RT/MNS /NO /NET/FO;C;
24;4160;REC-597171/2026;PLACIBRAS;MNS/IP/06621;25/09/2026 12:30;RT/MNS /NO /NET/FO;C;
25;4140;REC-600683/2026;LINX TELECOM;BLM/IP/10230;27/09/2026 16:40;RC/BLM /NO /NET/BS;E;LESANPS
26;4080;REC-597477/2026;RJO SME;RJO/IP/22593;25/09/2026 14:07;RT/RJO /NO2/NET/FO;E;
27;4000;REC-598150/2026;TELMEX BRASIL;CBA/IP/04702;25/09/2026 17:32;RT/CBA /CO /NET/FO;C;
28;4000;REC-597922/2026;BKBRASIL;GNA/IP/03755;25/09/2026 16:24;RT/GNA /CO /NET/FO;C;
29;3950;REC-598180/2026;IGR INT GRAC;VLN/PVN/2133445959;25/09/2026 17:45;RT/RJO /SU2/NET/FO;E;F101976
30;3920;REC-598188/2026;TV MODELO;2130775151;25/09/2026 17:48;RT/RJO /SU2/NET/FO;E;F101976
31;3900;REC-598379/2026;CROWN CORK;MNS/IP/07044;25/09/2026 20:00;RT/MNS /NO /NET/FO;C;
32;3700;REC-600883/2026;TELMEX BRASIL;7631052750;27/09/2026 19:51;MU/BHE /ES /MDU/BS;E;
33;3240;REC-598942/2026;IMETAME;ACZ/IP/00277;26/09/2026 08:08;RT/VTA /NOR/FFA/FO;C;
34;2920;REC-599276/2026;TEC BANCARIA;CUC/IP/00496;26/09/2026 12:12;RT/FLA /CE /NET/FO;C;
35;2640;REC-599731/2026;CEF;CAW/IP/00111;26/09/2026 19:06;RT/GNA /CO /NET/FO;E;
36;2420;REC-597980/2026;10834118;RJO/IP/36729;25/09/2026 16:41;RT/RJO /SU2/NET/FO;E;
37;2380;REC-599857/2026;BKBRASIL;ANS/IP/00750;26/09/2026 21:15;RT/GNA /CO /NET/FO;C;
38;2140;REC-601650/2026;PRODAM PROCES;VLN/PVN/9221216500;28/09/2026 08:22;RT/MNS /NO /NET/AD;E;
39;1060;REC-601779/2026;ACTION MOTORS;VGA/IP/01832;28/09/2026 09:08;RT/VGA /TG /FFA/FO;E;
40;1040;REC-601114/2026;PAGUEMENOSFAR;BVA/IP/01413;28/09/2026 00:46;RT/BVA /NO /NET/FO;E;
41;980;REC-600909/2026;MATEUS SUPERM;ACD/IP/00242;27/09/2026 20:40;RT/SLS /NO /MVA/FO;E;
42;960;REC-601113/2026;SERPRO;BVA 0R6/MPA GG/DP*V/0001;28/09/2026 00:44;RT/BVA /NO /NET/FO;E;
43;960;REC-600925/2026;ARMATEUS;ACD/IP/00226;27/09/2026 20:53;RT/SLS /NO /MVA/FO;E;
44;840;REC-601059/2026;C AERONAUTICA;RJO/IP/38334;27/09/2026 23:56;RT/RJO /OE1/NET/FO;E;
45;820;REC-601548/2026;BOMBEIROS MG;BHE/IP/32426;28/09/2026 07:11;RT/BHE /ES /FFA/FO;E;
46;700;REC-601613/2026;070710091;IAGA/IP/00127;28/09/2026 08:03;RT/FLA /CE /NET/FO;E;
47;660;REC-601388/2026;ITAU;CCA/IP/02395;28/09/2026 04:21;RT/VTA /MTS/FFA/FO;E;
48;660;REC-601135/2026;NORTEDISTRIBU;BVA/IP/01336;28/09/2026 01:23;RT/BVA /NO /NET/FO;E;
49;660;REC-601101/2026;BEMOL;BVA/IP/01259;28/09/2026 00:34;RT/BVA /NO /NET/FO;E;
50;520;REC-601397/2026;IMIFARMA;RCE/IP/21294;28/09/2026 04:28;RC/RCE /NE /NET/FO;E;
51;500;REC-601464/2026;C & A MODAS;2121040002;28/09/2026 05:43;RT/RJO /NO1/NET/FO;E;
52;440;REC-601923/2026;05113942;MNS/IP/07821;28/09/2026 09:42;RT/MNS /NO /NET/FO;E;
53;440;REC-601757/2026;BRADESCO;2121742630;28/09/2026 09:01;RT/RJO /BX1/NET/FO;E;
54;440;REC-601562/2026;PAMCARY GPS L;VLN/PVN/6227648950;28/09/2026 07:32;RT/GNA /CO /NET/AD;E;
55;440;REC-601559/2026;MOVIDA;RCE/IP/21358;28/09/2026 07:28;RC/RCE /NE /NET/FO;E;
56;420;REC-602052/2026;CEF;BSA B27/CAS 34V/DP*V/0001;28/09/2026 10:08;RT/BHE /ES /FFA/FO;E;
57;420;REC-601973/2026;NAV BRASIL;MCE/IP/03723;28/09/2026 09:54;RT/RJO /NOF/NET/FO;E;
58;420;REC-601874/2026;CEF;CAS 34V/BSA ZAF/DP*V/0002;28/09/2026 09:33;RT/BHE /ES /FFA/FO;E;
59;420;REC-601565/2026;ECODIESEL;SRIA/IP/00001;28/09/2026 07:34;RT/CBA /CO /NET/FO;E;
60;420;REC-601557/2026;CIMED;RJO/IP/40243;28/09/2026 07:21;RT/RJO /NO2/NET/FO;E;
61;380;REC-602151/2026;CEF;SPB KAG/BSA 3E4/DP*V/0002;28/09/2026 10:34;RT/BHE /ES /FFA/FO;E;
62;380;REC-601843/2026;LG ELETRONICS;9221298700;28/09/2026 09:27;RT/MNS /NO /NET/AD;E;
63;380;REC-601805/2026;ECT;DQR/IP/00001;28/09/2026 09:19;RT/SLS /NO /MVA/FO;E;
64;380;REC-601789/2026;DANONE;RJO/IP/37993;28/09/2026 09:14;RT/RJO /NO2/NET/FO;E;
65;380;REC-601795/2026;CEF;ROI/IP/01296;28/09/2026 09:14;RT/CBA /CO /NET/FO;E;
66;380;REC-601710/2026;ANVS;FLA/IP/01719;28/09/2026 08:45;RT/FLA /CE /NET/FO;E;
67;380;REC-601655/2026;BCO BRASIL;SIP/IP/00162;28/09/2026 08:23;RT/BLM /NO /ETG/FO;E;
68;370;REC-601863/2026;AFEAM;VLN/PVN/9236553000;28/09/2026 09:30;RT/MNS /NO /NET/FO;E;
69;360;REC-602216/2026;CEF;CEM MUC/BSA ZAF/DP*V/0002;28/09/2026 10:53;RT/BHE /ES /FFA/FO;E;
70;360;REC-601941/2026;BCO BRASIL;BLI/IP/00125;28/09/2026 09:45;RT/RBO /CO /NET/FO;E;
71;360;REC-601825/2026;ECT;RJO/IP/39970;28/09/2026 09:24;RT/RJO /NO3/PCS/FO;E;
72;360;REC-601755/2026;JUCERR;BVA/IP/00765;28/09/2026 09:00;RT/BVA /NO /NET/FO;E;
73;360;REC-601616/2026;070710091;8534594696;28/09/2026 08:06;RT/FLA /CE /NET/FO;E;
74;350;REC-601942/2026;SESC-AM;9221215353;28/09/2026 09:46;RT/MNS /NO /NET/FO;E;
75;340;REC-602104/2026;BCO BRASIL;SDH/IP/00109;28/09/2026 10:21;RT/SLS /NO /MVA/FO;E;
76;340;REC-601994/2026;TELMEX BRASIL;SDR/IP/33945;28/09/2026 09:57;MU/SDR /BA /MDU/BS;E;LESANPS
77;340;REC-601922/2026;LINX TELECOM;CEM/IP/05612;28/09/2026 09:42;MU/BHE /ES /MDU/BS;E;
78;340;REC-601915/2026;LINX TELECOM;CEM/IP/05777;28/09/2026 09:41;MU/BHE /ES /MDU/BS;E;
79;340;REC-601762/2026;BCO BRASIL;GNA/IP/06565;28/09/2026 09:03;RT/GNA /CO /NET/FO;E;
80;340;REC-601563/2026;HORTIFRUTI ES;RJO/IP/80377;28/09/2026 07:32;RT/RJO /NO2/NET/FO;E;
81;320;REC-602038/2026;BCO BRASIL;TBRA/IP/00012;28/09/2026 10:03;RT/CBA /CO /NET/FO;E;
82;320;REC-601937/2026;LINX TELECOM;CEM/IP/06001;28/09/2026 09:44;MU/BHE /ES /MDU/BS;E;
83;320;REC-601925/2026;LINX TELECOM;CEM/IP/05970;28/09/2026 09:43;MU/BHE /ES /MDU/BS;E;
84;320;REC-601870/2026;27326220;RJO/IP/35985;28/09/2026 09:32;RT/RJO /NO3/PCS/FO;E;
85;320;REC-601868/2026;SEFAZ-RJ;RJO/IP/36128;28/09/2026 09:31;RT/RJO /NO3/PCS/FO;E;
86;300;REC-602366/2026;TELMEX BRASIL;ICX/IP/00104;28/09/2026 11:31;DP/SDR /BA /NET/FO;E;
87;300;REC-602036/2026;05113942;MNS/IP/07799;28/09/2026 10:03;RT/MNS /NO /NET/FO;E;
88;300;REC-601984/2026;AVCO;MCW/IP/01362;28/09/2026 09:55;RT/FLA /CE /NET/FO;E;
89;300;REC-601969/2026;ITAU;CZV/IP/00153;28/09/2026 09:53;RT/CBA /CO /NET/FO;E;
90;300;REC-601926/2026;64085191;AIU/IP/02324;28/09/2026 09:43;RT/BLM /NO /ETG/FO;E;
91;280;REC-602390/2026;HONORIO PARPV;9832441205;28/09/2026 11:40;RT/SLS /NO /MVA/FO;E;
92;280;REC-602260/2026;JJ GC;RCE/IP/21236;28/09/2026 11:04;RT/RCE /NE /NET/FO;E;
93;280;REC-602066/2026;05113942;MNS/IP/07816;28/09/2026 10:11;RT/MNS /NO /NET/FO;E;
94;280;REC-602028/2026;ECT;MCW/IP/01668;28/09/2026 10:01;RT/FLA /CE /NET/FO;E;
95;280;REC-601981/2026;TELMEX BRASIL;FMA/IP/00187;28/09/2026 09:55;RT/BHE /ES /FFA/FO;E;
96;260;REC-602201/2026;TELMEX BRASIL;763/1052750;28/09/2026 10:47;RC/BHE /ES /NET/BS;E;
97;260;REC-602175/2026;57650492;PMJ/IP/02134;28/09/2026 10:40;RT/PMJ /CO /NET/FO;E;
98;260;REC-602059/2026;AGRO AMAZONIA;SDN/IP/00174;28/09/2026 10:10;RT/CPE /CO /NET/FO;E;
99;260;REC-602062/2026;POLIPECAS-AUT;6240062500;28/09/2026 10:10;RT/GNA /CO /NET/FO;E;
100;260;REC-602055/2026;05113942;MNS/IP/07827;28/09/2026 10:08;RT/MNS /NO /NET/FO;E;
101;260;REC-601956/2026;LOCALIZA;ILH/IP/01227;28/09/2026 09:50;RT/ITB /BR /SUL/FO;E;
102;260;REC-601769/2026;ELECTROLUX SA;MNS/IP/03193;28/09/2026 09:03;RT/MNS /NO /NET/FO;E;
103;240;REC-602409/2026;25043560;CTL/IP/00750;28/09/2026 11:46;RT/GNA /CO /NET/FO;E;
104;240;REC-602399/2026;INSPIRA EDUCA;FLA/IP/11986;28/09/2026 11:43;RT/FLA /CE /NET/FO;E;
105;240;REC-602382/2026;SAFEMEDIC;RCE/IP/20347;28/09/2026 11:36;RT/RCE /NE /NET/FO;E;
106;240;REC-602181/2026;CARVALIMA;SNO/IP/01021;28/09/2026 10:42;RT/CBA /CO /NET/FO;E;
107;240;REC-602179/2026;ITAU;BHE/IP/31481;28/09/2026 10:41;RT/BHE /ES /FFA/FO;E;
108;240;REC-602095/2026;LINX TELECOM;BLM/IP/10511;28/09/2026 10:19;RC/BLM /NO /NET/BS;E;LESANPS
109;240;REC-602025/2026;41354456;BVA/IP/01334;28/09/2026 10:01;RT/BVA /NO /NET/FO;E;
110;240;REC-601938/2026;DB MED RECIFE;RCE/IP/14437;28/09/2026 09:44;RT/RCE /NE /NET/FO;E;
111;240;REC-601797/2026;POLIPECAS-AUT;GNA/IP/04709;28/09/2026 09:15;RT/GNA /CO /NET/FO;E;
112;220;REC-601992/2026;POLIPECAS-AUT;GNA/IP/00709;28/09/2026 09:57;RT/GNA /CO /NET/FO;E;
113;220;REC-601999/2026;ECT;BSA/IP/30070;28/09/2026 09:57;RC/BSA /CO /NET/FO;E;
114;200;REC-602249/2026;RI HAPPY;BLM/IP/06767;28/09/2026 11:02;RC/BLM /NO /NET/BS;E;LESANPS
115;200;REC-602211/2026;LINX TELECOM;BLM/IP/10093;28/09/2026 10:51;RC/BLM /NO /NET/BS;E;LESANPS
116;200;REC-602190/2026;SALEB;ILH/IP/02401;28/09/2026 10:44;RT/ITB /BR /SUL/FO;E;
117;200;REC-602187/2026;MPMT;TBRA/IP/00011;28/09/2026 10:43;RT/CBA /CO /NET/FO;E;
118;200;REC-602169/2026;SOLDI;ROI/IP/00696;28/09/2026 10:39;RT/CBA /CO /NET/FO;E;
119;180;REC-602419/2026;HOSPITAIS E CLINICAS;TSA/IP/06823;28/09/2026 11:47;RT/TSA /CE /NET/FO;E;
120;180;REC-602331/2026;CEF;BJE/IP/00116;28/09/2026 11:23;RT/GNA /CO /NET/FO;E;
121;180;REC-602281/2026;LINX TELECOM;CEM/IP/05981;28/09/2026 11:10;MU/BHE /ES /MDU/BS;E;
122;180;REC-602259/2026;SUECIAVEICULO;GUR/IP/00407;28/09/2026 11:04;RT/PMJ /CO /NET/FO;E;
123;120;REC-602540/2026;S.TRANS.PASG.;VRD/IP/02053;28/09/2026 12:11;DP/RJO /AM /NET/FO;E;
124;120;REC-602327/2026;TELMEX BRASIL;GNA/IP/07150;28/09/2026 11:22;RT/GNA /CO /NET/FO;E;
